ID,Title,Genre,X5,X6,author_ID_link,Author_ID,name,surname,forename,gender,date_of_birth,date_of_death,place_of_birth,longitude,latitude
achenwall_staatswissenschaft_1749,Abriß der neuesten Staatswissenschaft der vornehmsten Europäischen Reiche und Republicken,Wissenschaft,Gottfried Achenwall,1749,http://d-nb.info/gnd/118643657,118643657,Gottfried Achenwall,Achenwall,Gottfried,Mann,20. Oktober 1719,1. Mai 1772,Elbing,19.40884,54.1522
opitz_schaefferey_1630,Schäfferey Von der Nimfen Hercinie,Belletristik,Martin Opitz,1630,http://d-nb.info/gnd/118590111,118590111,Martin Opitz,Opitz,Martin,Mann,23. Dezember 1597,20. August 1639,Bunzlau,15.569699,51.26418
albertinus_landtstoertzer01_1615,Der Landtstörtzer: Gusman von Alfarche oder Picaro genannt/ dessen wunderbarliches/ abenthewrlichs vnd possirlichs Leben/ was gestallt er schier alle ort der Welt durchloffen/ allerhand Ständt/ Dienst vnd Aembter versucht/ vil guts vnd böses begangen vnd außgestanden/ jetzt reich/ bald arm/ vnd widerumb reich vnd gar elendig worden/ doch letztlichen sich bekehrt hat/ hierin beschriben wirdt,Belletristik,Aegidius Albertinus,1615,http://d-nb.info/gnd/118501518,118501518,Aegidius Albertinus,Albertinus,Aegidius,Mann,1560,9. März 1620,Deventer,6.16389,52.255
rollenhagen_reysen_1603,Vier Bücher Wunderbarlicher biß daher vnerhörter/ vnd vngleublicher Jndianischer reysen/ durch die Lufft/ Wasser/ Land/ Helle/ Paradiß/ vnd den Himmel,Belletristik,Gabriel Rollenhagen,1603,http://d-nb.info/gnd/118791028,118791028,Gabriel Rollenhagen,Rollenhagen,Gabriel,NA,1583,1619,Magdeburg,11.629166,52.1275
klopstock_oden_1771,Oden,Belletristik,Friedrich Gottlieb Klopstock,1771,http://d-nb.info/gnd/118563386,118563386,Friedrich Gottlieb Klopstock,Klopstock,Friedrich Gottlieb,Mann,2. Juli 1724,14. März 1803,Quedlinburg,11.150059,51.788429
calvi_beutelschneider02_1627,Beutelschneider/ Oder Neue/ warhaffte/ vnd eigentliche Beschreibung Der Diebs Historjen,Belletristik,François de Calvi,1627,http://d-nb.info/gnd/128582502,128582502,François de Calvi,Calvi,François,NA,NA,NA,Lyon,4.846709,45.74846
glauber_furni04_1648,Furni Philosophici Oder Philosophischer Oefen Vierdter Theil,Wissenschaft,Johann Rudolph Glauber,1648,http://d-nb.info/gnd/118695304,118695304,Johann Rudolph Glauber,Glauber,Johann Rudolph,Mann,16. April 1604,10. März 1670,Karlstadt,9.772389,49.96034
unzer_erstegruende_1771,Erste Gründe einer Physiologie der eigentlichen thierischen Natur thierischer Körper,Wissenschaft,Johann August Unzer,1771,http://d-nb.info/gnd/118963600,118963600,Johann August Unzer,Unzer,Johann August,Mann,29. April 1727,2. April 1799,Halle (Saale),12,51.5
aston_emancipation_1846,"Meine Emancipation, Verweisung und Rechtfertigung",Gebrauchsliteratur,Louise Aston,1846,http://d-nb.info/gnd/118650769,118650769,Louise Aston,Aston,Louise,Frau,26. November 1814,21. Dezember 1871,Gröningen,11.216111,51.9375
laukhard_leben02_1792,F. C. Laukhards Leben und Schicksale,Belletristik,Friedrich Christian Laukhard,1792,http://d-nb.info/gnd/118726692,118726692,Friedrich Christian Laukhard,Laukhard,Friedrich Christian,Mann,7. Juni 1757,28. April 1822,Wendelsheim,8,49.766669
pestalozzi_lienhard01_1781,Lienhard und Gertrud,Belletristik,Johann Heinrich Pestalozzi,1781,http://d-nb.info/gnd/118592912,118592912,Johann Heinrich Pestalozzi,Pestalozzi,Johann Heinrich,Mann,12. Januar 1746,17. Februar 1827,Zürich,8.55,47.366666
purmann_feldscher_1680,Der rechte und wahrhafftige Feldscher,Wissenschaft,Matthäus Gottfried Purmann,1680,http://d-nb.info/gnd/124546420,124546420,Matthäus Gottfried Purmann,Purmann,Matthäus Gottfried,NA,28. März 1649,XX.XX.1711,Lubin,16.201489,51.400889
obrecht_secreta_1617,Fünff Vnderschiedliche Secreta Politica Von Anstellung/ Erhaltung vnd Vermehrung guter Policey/ vnd von billicher/ rechtmässiger vnd nothwendiger Erhöhung/ eines jeden Regenten Jährlichen Gefällen vnd Einkommmen,Gebrauchsliteratur,Georg Obrecht,1617,http://d-nb.info/gnd/117078573,117078573,Georg Obrecht,Obrecht,Georg,Mann,1547,1612,NA,NA,NA
brockes_vergnuegen05_1736,Jrdisches Vergnügen in Gott,Belletristik,Barthold Heinrich Brockes,1736,http://d-nb.info/gnd/118515586,118515586,Barthold Heinrich Brockes,Brockes,Barthold Heinrich,Mann,22. September 1680,16. Januar 1747,Hamburg,10,53.583329
krueger_weltweisheit_1746,Geschichte der Erde in den allerältesten Zeiten,Wissenschaft,Johann Gottlob Krüger,1746,http://d-nb.info/gnd/118826565,118826565,Johann Gottlob Krüger,Krüger,Johann Gottlob,Mann,15. Juni 1715,8. Oktober 1759,Halle (Saale),12,51.5
lucius_warnung_1747,"Warnung An Die liebe Jugend, Vor der schrecklichen Gefahr Der mannigfaltigen Verführung zum Bösen",Gebrauchsliteratur,Samuel Lutz,1747,http://d-nb.info/gnd/125000820,125000820,Samuel Lutz,Lutz,Samuel,Mann,10. August 1674,28. Mai 1750,Biglen,NA,NA
arnold_ketzerhistorie02_1700,Gottfrid Arnolds Fortsetzung und Erläuterung Oder Dritter und Vierdter Theil der unpartheyischen Kirchen- und Ketzer-Historie,Wissenschaft,Gottfried Arnold,1700,http://d-nb.info/gnd/118650386,118650386,Gottfried Arnold,Arnold,Gottfried,Mann,5. September 1666,30. Mai 1714,Annaberg (Erzgebirge),13.005,50.578611
benner_herrnhuterey02_1747,Die Herrnhuterey in ihrer Schalkheit,Wissenschaft,Johann Hermann Benner,1747,http://d-nb.info/gnd/116121254,116121254,Johann Hermann Benner,Benner,Johann Hermann,Mann,15. Dezember 1699,8. Juli 1782,Gießen,8.65,50.583329
blumenbach_anatomie_1815,Handbuch der vergleichenden Anatomie,Wissenschaft,Johann Friedrich Blumenbach,1815,http://d-nb.info/gnd/116208503,116208503,Johann Friedrich Blumenbach,Blumenbach,Johann Friedrich,Mann,11. Mai 1752,22. Januar 1840,Gotha,10.701666,50.948055
sander_beschreibung01_1783,"Heinrich Sanders Beschreibung seiner Reisen durch Frankreich, die Niederlande, Holland, Deutschland und Italien",Gebrauchsliteratur,Heinrich Sander,1783,http://d-nb.info/gnd/117721999,117721999,Heinrich Sander,Sander,Heinrich,Mann,1754,1782,Köndringen,7.806129,48.1394
fontane_kinderjahre_1894,Meine Kinderjahre,Belletristik,Theodor Fontane,1894,http://d-nb.info/gnd/118534262,118534262,Theodor Fontane,Fontane,Theodor,Mann,30. Dezember 1819,20. September 1898,Neuruppin,12.80311,52.92815
thomasius_discours_1690,Christian Thomas eröffnet Der Studirenden Jugend zu Leipzig in einem Discours Welcher Gestalt man denen Frantzosen im gemeinen Leben und Wandel nachahmen solle?,Gebrauchsliteratur,Christian Thomasius,1690,http://d-nb.info/gnd/11862220X,11862220X,Christian Thomasius,Thomasius,Christian,Mann,1. Januar 1655,23. September 1728,Leipzig,12.371111,51.339444
d_untreue_1763,Die in der Liebe herumschweifende oder bestrafte Untreue,Belletristik,unknown,1763,NA,NA,NA,NA,NA,NA,NA,NA,NA,NA,NA
kosegarten_poesieen02_1798,Poesieen,Belletristik,Ludwig Gotthard Kosegarten,1798,http://d-nb.info/gnd/11898618X,11898618X,Ludwig Gotthard Kosegarten,Kosegarten,Ludwig Gotthard,Mann,1. Februar 1758,26. Oktober 1818,Grevesmühlen,11.191599,53.86336
glueck_pandecten01verbesserungen_1798,Verbesserungen und Zusätze zum ersten Bande des Glückischen Commentars über die Pandecten,Wissenschaft,Christian Friedrich von Glück,1798,http://d-nb.info/gnd/116667826,116667826,Christian Friedrich von Glück,Glück,Christian Friedrich,Mann,1. Juli 1755,20. Januar 1831,NA,NA,NA
anzengruber_gwissenswurm_1874,Der G'wissenswurm,Belletristik,Ludwig Anzengruber,1874,http://d-nb.info/gnd/11850357X,11850357X,Ludwig Anzengruber,Anzengruber,Ludwig,Mann,29. November 1839,10. Dezember 1889,Wien,16.37169,48.208199
lange_schachspiel_1856,Lehrbuch des Schachspiels,Gebrauchsliteratur,Max Lange,1856,http://d-nb.info/gnd/116788704,116788704,Max Lange,Lange,Max,Mann,1832,1899,Magdeburg,11.629166,52.1275
wartmann_germania05_1653,"De Statu Pertvrbato Franciae et Germaniae: Vnpartheyischer wolmeynender Discursuum Supplementum, oder Fünffter Theil",Wissenschaft,Sigismund Friedrich Wartmann,1653,http://d-nb.info/gnd/124573444,124573444,Sigismund Friedrich Wartmann,Wartmann,Sigismund Friedrich,NA,NA,NA,NA,NA,NA
zesen_helikon01_1640,Deütscher Helicon,Belletristik,Philipp von Zesen,1640,http://d-nb.info/gnd/118636596,118636596,Philipp von Zesen,Zesen,Philipp,Mann,8. Oktober 1619,13. November 1689,Priorau,12.282777,51.7325
pufendorf_einleitung_1682,Einleitung zu der Historie der Vornehmsten Reiche und Staaten/ so itziger Zeit in Europa sich befinden,Gebrauchsliteratur,Samuel von Pufendorf,1682,http://d-nb.info/gnd/118597051,118597051,Samuel von Pufendorf,Pufendorf,Samuel,Mann,8. Januar 1632,16. Oktober 1694,Dorfchemnitz,13.45,50.766666
pufendorf_einleitung_1691,Einleitung zur Sitten- und Stats-Lehre,Wissenschaft,Samuel von Pufendorf,1691,http://d-nb.info/gnd/118597051,118597051,Samuel von Pufendorf,Pufendorf,Samuel,Mann,8. Januar 1632,16. Oktober 1694,Dorfchemnitz,13.45,50.766666
schmidt_rockenphilosophia01_1705,"Die gestriegelte Rocken-Philosophia, Oder Auffrichtige Untersuchung derer Von vielen super-klugen Weibern hochgehaltenen Aberglauben",Gebrauchsliteratur,Johann Georg Schmidt,1705,http://d-nb.info/gnd/104278218,104278218,Johann Georg Schmidt,Schmidt,Johann Georg,NA,31. März 1660,10. März 1722,NA,NA,NA
unknown_civilprozessordnung_1877,Civilprozeßordnung,Gebrauchsliteratur,NA N. N.,1877,NA,NA,NA,NA,NA,NA,NA,NA,NA,NA,NA
boerne_paris01_1832,Briefe aus Paris,Belletristik,Ludwig Börne,1832,http://d-nb.info/gnd/118512749,118512749,Ludwig Börne,Börne,Ludwig,Mann,1786,1837,Frankfurt am Main,8.684166,50.115277
gercke_torpedowaffe_1898,Die Torpedowaffe,Gebrauchsliteratur,Hermann Gercke,1898,http://d-nb.info/gnd/102264333,102264333,NA,NA,NA,NA,NA,NA,NA,NA,NA
glauber_furni01_1646,Furni Novi Philosophici Oder Beschreibung einer New-erfundenen Distillir-Kunst,Wissenschaft,Johann Rudolph Glauber,1646,http://d-nb.info/gnd/118695304,118695304,Johann Rudolph Glauber,Glauber,Johann Rudolph,Mann,16. April 1604,10. März 1670,Karlstadt,9.772389,49.96034
euler_rechenkunst01_1738,Einleitung zur Rechen-Kunst,Wissenschaft,Leonhard Euler,1738,http://d-nb.info/gnd/118531379,118531379,Leonhard Euler,Euler,Leonhard,Mann,15. April 1707,18. September 1783,Basel,7.58333,47.549999
stieler_venus_1660,Die Geharnschte Venus oder Liebes-Lieder im Kriege gedichtet mit neuen Gesang-Weisen zu singen und zu spielen gesezzet,Belletristik,Kaspar von Stieler,1660,http://d-nb.info/gnd/118618121,118618121,Kaspar von Stieler,Stieler,Kaspar,Mann,2. August 1632,24. Juni 1707,Erfurt,11.032777,50.978611
spener_bedencken04_1702,Theologische Bedencken,Gebrauchsliteratur,Philipp Jakob Spener,1715,http://d-nb.info/gnd/118616099,118616099,Philipp Jakob Spener,Spener,Philipp Jakob,Mann,13. Januar 1635,5. Februar 1705,Rappoltsweiler,7.319379,48.195099
buchner_theoria03_1685,Theoria Et Praxis Artilleriæ,Wissenschaft,Johann Siegmund Buchner,1685,http://d-nb.info/gnd/128720263,128720263,Johann Siegmund Buchner,Buchner,Johann Siegmund,NA,NA,NA,NA,NA,NA
dubois_naturerkennen_1872,Über die Grenzen des Naturerkennens,Wissenschaft,Emil Heinrich Du Bois-Reymond,1872,http://d-nb.info/gnd/118527665,118527665,Emil Heinrich Du Bois-Reymond,Du Bois-Reymond,Emil Heinrich,Mann,7. November 1818,26. Dezember 1896,Berlin,13.416669,52.5
praetorius_verrichtung_1668,Blockes-Berges Verrichtung,Belletristik,Johannes Praetorius,1668,http://d-nb.info/gnd/11859611X,11859611X,Johannes Praetorius,Praetorius,Johannes,NA,22. Oktober 1630,25. Oktober 1680,Kalbe-Zethlingen,11.3,52.7
dilger_arndes_1620,Des Ehrwürdigen/ Achtbaren vnd Hochgelarten Herrn Johannis Arndes [...] Richtige/ vnd in Gottes Wort wolgegründete Lehre/ in den vier Büchern vom wahren Christenthumb,Wissenschaft,Daniel Dilger,1620,http://d-nb.info/gnd/120231069,120231069,Daniel Dilger,Dilger,Daniel,NA,29. Juni 1572,26. Februar 1645,Danzig,18.64637,54.352049
quenstedt_mineralogie_1854,Handbuch der Mineralogie,Wissenschaft,Friedrich August Quenstedt,1855,http://d-nb.info/gnd/116317914,116317914,Friedrich August Quenstedt,Quenstedt,Friedrich August,Mann,9. Juli 1809,21. Dezember 1889,Eisleben,11.548333,51.5275
dannhauer_catechismus08_1666,Catechismvs-Milch/ Oder Der Erklärung deß Christlichen Catechismi/ Achter Theil,Gebrauchsliteratur,Johann Conrad Dannhauer,1666,http://d-nb.info/gnd/120227649,120227649,Johann Conrad Dannhauer,Dannhauer,Johann Conrad,Mann,24. März 1603,7. November 1666,Köndringen,7.806129,48.1394
oberwinder_buschoff_1892,Der Fall Buschoff,Gebrauchsliteratur,Heinrich Oberwinder,1892,http://d-nb.info/gnd/117078247,117078247,Heinrich Oberwinder,Oberwinder,Heinrich,Mann,1845,1914,Weilburg,8.262489,50.48438
brandes_naturlehre03_1832,Vorlesungen über die Naturlehre,Gebrauchsliteratur,Heinrich Wilhelm Brandes,1832,http://d-nb.info/gnd/100055427,100055427,Heinrich Wilhelm Brandes,Brandes,Heinrich Wilhelm,Mann,27. Juli 1777,17. Mai 1834,Groden bei Ritzebüttel,NA,NA
spee_cautio_1647,Gewissens-Buch: Von Processen Gegen die Hexen,Wissenschaft,Friedrich von Spee,1647,http://d-nb.info/gnd/11861598X,11861598X,Friedrich von Spee,Spee,Friedrich,Mann,25. Februar 1591,7. August 1635,Kaiserswerth,6.736239,51.30147
wienbarg_feldzuege_1834,Aesthetische Feldzüge,Wissenschaft,Ludolf Wienbarg,1834,http://d-nb.info/gnd/118807226,118807226,Ludolf Wienbarg,Wienbarg,Ludolf,Mann,25. Dezember 1802,2. Januar 1872,Altona,9.933333,53.55
gundling_discours_1733,"Ausführlicher und mit Illustren Exempeln aus der Historie und Staaten Notiz erläuterter Discovrs über Weyl. Herrn D. Io. Franc. Bvddei, SS. Th. Prof., Philosophiæ Practicæ Part. III. Die Politic",Wissenschaft,Nicolaus Hieronymus Gundling,1733,http://d-nb.info/gnd/116926635,116926635,Nicolaus Hieronymus Gundling,Gundling,Nicolaus Hieronymus,Mann,25. Februar 1671,9. Dezember 1729,Hohenstein (Kirchensittenbach),NA,NA
ferdinand_copia_1621,"Copia, Kayserl: Aachts Erklerung / wider Pfaltzgraff Friderich Churfürst",Gebrauchsliteratur,II. Ferdinand,1621,http://d-nb.info/gnd/118532510,118532510,"Ferdinand II., Heiliges Römisches Reich, Kaiser","Ferdinand II., Heiliges Römisches Reich, Kaiser",NA,Mann,9. Juli 1578,15. Februar 1637,Graz,15.45,47.066666
gruber_examen_1703,Examen Fortificatorium oder Gründlicher Unterricht von der Theoria und Praxi Der heutigen Kriegs-Bau-Kunst,Wissenschaft,Johann Sebastian Gruber,1703,http://d-nb.info/gnd/104124938,104124938,Johann Sebastian Gruber,Gruber,Johann Sebastian,NA,NA,NA,NA,NA,NA
geier_schuetz_1672,Die köstlichste Arbeit/ aus dem 119. Psalm v. 54. bei Ansehnlicher und Volckreicher Leichbestattung Des Herrn Henrich Schützens,Gebrauchsliteratur,Martin Geier,1672,http://d-nb.info/gnd/116494603,116494603,Martin Geier,Geier,Martin,Mann,24. April 1614,12. September 1680,Leipzig,12.371111,51.339444
zeiller_centuria02_1659,Centuria II. Variarvm Quæstionum,Wissenschaft,Martin Zeiller,1659,http://d-nb.info/gnd/118772392,118772392,Martin Zeiller,Zeiller,Martin,Mann,1589,1661,Ranten,NA,NA
glueck_pandecten02verbesserungen_1800,Berichtigungen und Zusätze zum zweyten Bande des Glückischen Commentars über die Pandecten,Wissenschaft,Christian Friedrich von Glück,1800,http://d-nb.info/gnd/116667826,116667826,Christian Friedrich von Glück,Glück,Christian Friedrich,Mann,1. Juli 1755,20. Januar 1831,NA,NA,NA
lessing_fabeln_1759,Fabeln,Belletristik,Gotthold Ephraim Lessing,1759,http://d-nb.info/gnd/118572121,118572121,Gotthold Ephraim Lessing,Lessing,Gotthold Ephraim,Mann,22. Januar 1729,15. Februar 1781,Kamenz,14.093611,51.267777
campe_theophron01_1783,"Theophron, oder der erfahrne Rathgeber für die unerfahrne Jugend",Gebrauchsliteratur,Joachim Heinrich Campe,1783,http://d-nb.info/gnd/118518658,118518658,Joachim Heinrich Campe,Campe,Joachim Heinrich,Mann,29. Juni 1746,22. Oktober 1818,Deensen,9.58333,51.866669
anthus_esskunst_1838,Vorlesungen über Esskunst,Gebrauchsliteratur,Gustav Blumröder,1838,http://d-nb.info/gnd/116210273,116210273,Gustav Blumröder,Blumröder,Gustav,Mann,27. Juni 1802,23. Dezember 1853,Nürnberg,11.0775,49.454166
hobrecht_polytechnikum_1878,Vortrag gehalten im Architekten-Verein zu Berlin am 7. October 1878,Gebrauchsliteratur,James Hobrecht,1878,http://d-nb.info/gnd/117525561,117525561,NA,NA,NA,NA,NA,NA,NA,NA,NA
grabbe_napoleon_1831,Napoleon oder Die hundert Tage,Belletristik,Christian Dietrich Grabbe,1831,http://d-nb.info/gnd/118541102,118541102,Christian Dietrich Grabbe,Grabbe,Christian Dietrich,Mann,11. Dezember 1801,12. September 1836,Detmold,8.873055,51.938333
eckarth_chronica_1732,Chronica Oder Historische Beschreibung Derer Zwey nächst an Zittau anstossenden Dörffer Eckersberg Und Olbersdorff,Gebrauchsliteratur,Friedrich Eckarth,1732,http://d-nb.info/gnd/136444369,136444369,Friedrich Eckarth,Eckarth,Friedrich,Mann,30. August 1687,30. April 1736,Herwigsdorf (Zittau),NA,NA
puetter_staatsverfassung03_1787,Historische Entwickelung der heutigen Staatsverfassung des Teutschen Reichs,Wissenschaft,Johann Stephan Pütter,1787,http://d-nb.info/gnd/118742906,118742906,Johann Stephan Pütter,Pütter,Johann Stephan,Mann,25. Juni 1725,12. August 1807,Iserlohn,7.70281,51.375469
virchow_cellularpathologie_1858,Die Cellularpathologie in ihrer Begründung auf physiologische und pathologische Gewebelehre,Wissenschaft,Rudolf Virchow,1858,http://d-nb.info/gnd/118627198,118627198,Rudolf Virchow,Virchow,Rudolf,Mann,13. Oktober 1821,5. September 1902,Schivelbein,15.776709,53.774639
weckherlin_gedichte_1641,Gaistliche und Weltliche Gedichte,Belletristik,Georg Rodolf Weckherlin,1641,http://d-nb.info/gnd/118629840,118629840,Georg Rodolf Weckherlin,Weckherlin,Georg Rodolf,Mann,1584,1653,NA,NA,NA
bodmer_sammlung03_1742,"Sammlung Critischer, Poetischer, und anderer geistvollen Schriften",Belletristik,Johann Jacob Bodmer,1742,http://d-nb.info/gnd/118512315,118512315,Johann Jakob Bodmer,Bodmer,Johann Jakob,Mann,19. Juli 1698,2. Januar 1783,Greifensee (Ort),NA,NA
erbkam_tagebuch02_1843,Tagebuch meiner egyptischen Reise,Wissenschaft,Georg Gustav Erbkam,1843,http://d-nb.info/gnd/117511501,117511501,Georg Erbkam,Erbkam,Georg,Mann,29. September 1811,3. Februar 1876,Glogau,16.084499,51.663609
kaempfer_japan01_1777,Geschichte und Beschreibung von Japan,Wissenschaft,Engelbert Kaempfer,1777,http://d-nb.info/gnd/118559168,118559168,Engelbert Kaempfer,Kaempfer,Engelbert,Mann,16. September 1651,2. November 1716,Lemgo,8.89901,52.027859
oa_artzneybuch_1688,Ein Koch- und Artzney-Buch,Gebrauchsliteratur,NA N. N.,1688,NA,NA,NA,NA,NA,NA,NA,NA,NA,NA,NA
buerger_gedichte_1778,Gedichte,Belletristik,Gottfried August Bürger,1778,http://d-nb.info/gnd/118517104,118517104,Gottfried August Bürger,Bürger,Gottfried August,Mann,31. Dezember 1747,8. Juni 1794,Molmerswende,11.258888,51.625277
hulsius_schifffahrt_1649,Die fünff vnd zweyntzigste Schifffahrt/ Nach dem Königreich Chili in West-Jndien,Gebrauchsliteratur,Levinus Hulsius,1649,http://d-nb.info/gnd/117056235,117056235,Levinus Hulsius,Hulsius,Levinus,Mann,1550,1606,Gent,3.71667,51.049999
muehlpfort_gedichte01_1686,Teutsche Gedichte,Belletristik,Heinrich Mühlpfort,1686,http://d-nb.info/gnd/124365329,124365329,Heinrich Mühlpfort,Mühlpfort,Heinrich,Mann,10. Juli 1639,1. Juli 1681,Breslau,17.033329,51.1
winckelmann_kunstgeschichte01_1764,Geschichte der Kunst des Alterthums,Wissenschaft,Johann Joachim Winckelmann,1764,http://d-nb.info/gnd/118633600,118633600,Johann Joachim Winckelmann,Winckelmann,Johann Joachim,Mann,9. Dezember 1717,8. Juni 1768,Stendal,11.85867,52.6069
grimmelshausen_simplicissimus_1669,Der Abentheurliche Simplicissimus Teutsch,Belletristik,Hans Jakob Christoffel von Grimmelshausen,1669,http://d-nb.info/gnd/118542273,118542273,Hans Jakob Christoffel von Grimmelshausen,Grimmelshausen,Hans Jakob Christoffel,Mann,XX.XX.1622,17. August 1676,Gelnhausen,9.187419,50.201639
eckarth_chronica_1737,Chronica Oder Historische Beschreibung Des Dorffes Herwigsdorff,Gebrauchsliteratur,Friedrich Eckarth,1737,http://d-nb.info/gnd/136444369,136444369,Friedrich Eckarth,Eckarth,Friedrich,Mann,30. August 1687,30. April 1736,Herwigsdorf (Zittau),NA,NA
klaj_lobrede_1645,Lobrede der Teutschen Poetery,Gebrauchsliteratur,Johann Klaj,1645,http://d-nb.info/gnd/118723324,118723324,Johann Klaj,Klaj,Johann,Mann,1616,16. Februar 1656,Meißen,13.473611,51.161388
rochow_versuch_1772,"Versuch eines Schulbuches für Kinder der Landleute, oder zum Gebrauch in Dorffschulen",Wissenschaft,Friedrich Eberhard von Rochow,1772,http://d-nb.info/gnd/11874559X,11874559X,Friedrich Eberhard von Rochow,Rochow,Friedrich Eberhard,Mann,11. Oktober 1734,16. Mai 1805,Berlin,13.416669,52.5
grimmelshausen_trutzsimplex_1670,Trutz Simplex: Oder Ausführliche und wunderseltzame Lebensbeschreibung Der Ertzbetrügerin und Landstörtzerin Courasche/ Wie sie anfangs eine Rittmeisterin/ hernach eine Hauptmännin/ ferner eine Leutenantin/ bald eine Marcketenterin/ Mußquetirerin/ und letzlich eine Ziegeunerin abgegeben,Belletristik,Hans Jakob Christoffel von Grimmelshausen,1670,http://d-nb.info/gnd/118542273,118542273,Hans Jakob Christoffel von Grimmelshausen,Grimmelshausen,Hans Jakob Christoffel,Mann,XX.XX.1622,17. August 1676,Gelnhausen,9.187419,50.201639
thomasius_einleitungvernufftlehre_1691,Einleitung zu der Vernunfft-Lehre,Wissenschaft,Christian Thomasius,1691,http://d-nb.info/gnd/11862220X,11862220X,Christian Thomasius,Thomasius,Christian,Mann,1. Januar 1655,23. September 1728,Leipzig,12.371111,51.339444
faulhaber_instrument_1610,Newe Geometrische vnd Perspectiuische Inuentiones Etlicher sonderbahrer Instrument/ die zum Perspectiuischen Grundreissen der Pasteyen vnnd Vestungen/ wie auch zum Planimetrischen Grundlegen der Stätt/ Feldläger vnd Landtschafften/ deßgleichen zur Büchsenmeisterey sehr nützlich vnnd gebrauchsam seynd,Wissenschaft,Johannes Faulhaber,1610,http://d-nb.info/gnd/119130084,119130084,Johannes Faulhaber,Faulhaber,Johannes,Mann,1580,1635,Ulm,9.99155,48.398409
pfizer_einheit_1849,Die deutsche Einheit und der Preußenhaß,Gebrauchsliteratur,Gustav Pfizer,1849,http://d-nb.info/gnd/118973630,118973630,Gustav Pfizer,Pfizer,Gustav,Mann,29. Juli 1807,19. Juli 1890,Stuttgart,9.176944,48.782222
becher_narrheit_1682,Närrische Weißheit Und Weise Narrheit,Wissenschaft,Johann Joachim Becher,1682,http://d-nb.info/gnd/118507923,118507923,Johann Joachim Becher,Becher,Johann Joachim,Mann,6. Mai 1635,XX.10.1682,Speyer,8.43111,49.32083
hug_familie_1896,Die christliche Familie im Kampfe gegen feindliche Mächte,Gebrauchsliteratur,Gallus Joseph Hug,1896,http://d-nb.info/gnd/179215671,179215671,NA,NA,NA,NA,NA,NA,NA,NA,NA
mueller_hellenische03_1824,Die Dorier,Wissenschaft,Karl Otfried Müller,1824,http://d-nb.info/gnd/11954153X,11954153X,Karl Otfried Müller,Müller,Karl Otfried,Mann,28. August 1797,1. August 1840,NA,NA,NA
hoffmann_elixiere01_1815,Die Elixiere des Teufels,Belletristik,E. T. A.  Hoffmann,1815,http://d-nb.info/gnd/118552465,118552465,E. T. A. Hoffmann,Hoffmann,E. T. A.,Mann,24. Januar 1776,25. Juni 1822,Königsberg,20.51095,54.70649
lichtenberg_timorus_1773,"Timorus, das ist, Vertheidigung zweyer Israeliten, die durch die Kräftigkeit der Lavaterischen Beweisgründe und der Göttingischen Mettwürste bewogen den wahren Glauben angenommen haben",Gebrauchsliteratur,Georg Christoph Lichtenberg,1773,http://d-nb.info/gnd/118572628,118572628,Georg Christoph Lichtenberg,Lichtenberg,Georg Christoph,Mann,1. Juli 1742,24. Februar 1799,Ober-Ramstadt,8.74887,49.830779
wartmann_germania0203_1650,Germaniae Pertvrbatae et Restavratae sive Vnpartheyischer wolmeynender Theologo-Politicorum Discvrsvm Ander vnd dritter Theil,Wissenschaft,Sigismund Friedrich Wartmann,1650,http://d-nb.info/gnd/124573444,124573444,Sigismund Friedrich Wartmann,Wartmann,Sigismund Friedrich,NA,NA,NA,NA,NA,NA
schurz_studentencongress_1848,Der Studentencongreß zu Eisenach am 25. September 1848,Gebrauchsliteratur,Karl Schurz,1848,http://d-nb.info/gnd/118611720,118611720,Carl Schurz,Schurz,Carl,Mann,2. März 1829,14. Mai 1906,Liblar,6.82263,50.808129
arndt_christentum01_1610,Von wahrem Christenthumb,Gebrauchsliteratur,Johann Arndt,1610,http://d-nb.info/gnd/118504134,118504134,Johann Arndt,Arndt,Johann,Mann,27. Dezember 1555,11. Mai 1621,Edderitz,11.936944,51.699166
weckherlin_oden02_1619,Oden vnd Gesäng,Belletristik,Georg Rodolf Weckherlin,1619,http://d-nb.info/gnd/118629840,118629840,Georg Rodolf Weckherlin,Weckherlin,Georg Rodolf,Mann,1584,1653,NA,NA,NA
bauller_lasterspiegel_1681,"Hell-Polirter Laster-Spiegel/ Underschiedlich in sich haltend alle und jede Fugienda, Was ein Christ Böses fliehen soll",Gebrauchsliteratur,Johann Jacob Bauller,1681,http://d-nb.info/gnd/129670022,129670022,Johann Jacob Bauller,Bauller,Johann Jacob,NA,1619,1687,NA,NA,NA
morhof_unterricht_1682,Unterricht Von Der Teutschen Sprache und Poesie/ deren Uhrsprung/ Fortgang und Lehrsätzen,Wissenschaft,Daniel Georg Morhof,1682,http://d-nb.info/gnd/118784919,118784919,Daniel Georg Morhof,Morhof,Daniel Georg,Mann,6. Februar 1639,30. Juli 1691,Wismar,11.452859,53.89314
purtscheller_alpinismus_1894,Zur Entwicklungsgeschichte des Alpinismus und der alpinen Technik in den Deutschen und Oesterreichischen Alpen,Wissenschaft,Ludwig Purtscheller,1894,http://d-nb.info/gnd/118742981,118742981,Ludwig Purtscheller,Purtscheller,Ludwig,Mann,1849,1900,Innsbruck,11.394444,47.2625
crueger_cupediae_1631,"Cupediæ Astrosophicæ [...] Darinnen die allerkunstreichesten vnd tieffesten Geheimbnüsse/ der Astronomiæ, deß Calender-Schreibens/ der Astrologiæ, vnd der Geographiæ, [...] außgeführet sind",Wissenschaft,Peter Crüger,1631,http://d-nb.info/gnd/124535062,124535062,Peter Crüger,Crüger,Peter,Mann,20. Oktober 1580,6. Juni 1639,Königsberg,20.51095,54.70649
eckarth_bertzdorff_1749,"Chronica, oder: historische Beschreibung des Dorffes Bertzdorff, eine halbe Meile von Zittau in der Ober-Lausitz gelegen",Gebrauchsliteratur,Gotthülff Traugott Eckarth,1749,http://d-nb.info/gnd/136445187,136445187,Gotthelf  Traugott Eckarth,Eckarth,Gotthelf  Traugott,Mann,1714,1761,NA,NA,NA
littrow_weltsystem03_1836,"Die Wunder des Himmels, oder gemeinfaßliche Darstellung des Weltsystems",Gebrauchsliteratur,Joseph Johann von Littrow,1836,http://d-nb.info/gnd/117085405,117085405,Joseph Johann von Littrow,Littrow,Joseph Johann,Mann,13. März 1781,30. November 1840,Horšovský Týn,12.94405,49.529649
nimwegen_friede_1679,Käyserl. und Frantzösischer Friedensschluß,Gebrauchsliteratur,NA o. A.,1679,NA,NA,NA,NA,NA,NA,NA,NA,NA,NA,NA
zesen_rosemund_1645,Adriatische Rosemund,Belletristik,Philipp von Zesen,1645,http://d-nb.info/gnd/118636596,118636596,Philipp von Zesen,Zesen,Philipp,Mann,8. Oktober 1619,13. November 1689,Priorau,12.282777,51.7325
bodmer_sammlung09_1743,"Sammlung Critischer, Poetischer, und anderer geistvollen Schriften",Belletristik,Johann Jacob Bodmer,1743,http://d-nb.info/gnd/118512315,118512315,Johann Jakob Bodmer,Bodmer,Johann Jakob,Mann,19. Juli 1698,2. Januar 1783,Greifensee (Ort),NA,NA
klueber_voelkerrecht01_1821,Europäisches Völkerrecht,Wissenschaft,Johann Ludwig Klüber,1821,http://d-nb.info/gnd/118930583,118930583,Johann Ludwig Klüber,Klüber,Johann Ludwig,Mann,10. November 1762,16. Februar 1837,Thann (Rhön),NA,NA
birken_sonntagswandel_1681,Heiliger Sonntags-Handel und Kirch-Wandel,Gebrauchsliteratur,Sigmund von Birken,1681,http://d-nb.info/gnd/118511270,118511270,Sigmund von Birken,Birken,Sigmund,Mann,25. April 1626,12. Juni 1681,Skalná,12.36144,50.170299
basteln_kichote_1648,Don Kichote de la Mantzscha,Belletristik,Cervantes Miguel de,1648,http://d-nb.info/gnd/11851993X,11851993X,Miguel de Cervantes Saavedra,Cervantes Saavedra,Miguel,Mann,29. September 1547,23. April 1616,Alcalá de Henares,NA,NA
reinkingk_policey_1653,Biblische Policey,Gebrauchsliteratur,Theodor von Reinkingk,1653,http://d-nb.info/gnd/118788272,118788272,Theodor von Reinkingk,Reinkingk,Theodor,NA,10. März 1590,15. Dezember 1664,Windau (Kurland),NA,NA
paul_hesperus01_1795,"Hesperus, oder 45 Hundsposttage",Belletristik,Jean Paul,1795,http://d-nb.info/gnd/118557211,118557211,Jean Paul,NA,NA,Mann,21. März 1763,14. November 1825,Wunsiedel,12.00342,50.03923
pahl_geheimnisse_1797,Geheimnisse eines mehr als fünfzigjährigen wirtembergischen Staatsmannes,Gebrauchsliteratur,Johann Gottfried Pahl,1799,http://d-nb.info/gnd/10038384X,10038384X,Johann Gottfried von Pahl,Pahl,Johann Gottfried,Mann,12. Juni 1768,18. April 1839,Aalen,10.093299,48.837769
stifter_steine01_1853,Bunte Steine,Belletristik,Adalbert Stifter,1853,http://d-nb.info/gnd/118618156,118618156,Adalbert Stifter,Stifter,Adalbert,Mann,23. Oktober 1805,28. Januar 1868,Horní Planá,14.032569,48.767359
oa_vierlinge_1616,"Historische warhaffte Relation Von einem Christlichen Eheweibe im Marggraffthumb Oberlausitz vnd Budissimschen Kreisse im Dorffe Jazeba/ welche Vier lebendige vnd wol proportionirte Töchter den 10. Januarij, Anno 1616. zur Welt geboren/ so alle die H. Tauffe erlanget/ vnd etliche Wochen gelebet haben",Gebrauchsliteratur,NA N. N.,1616,NA,NA,NA,NA,NA,NA,NA,NA,NA,NA,NA
hasak_predigtkirche_1893,Die Predigtkirche im Mittelalter,Gebrauchsliteratur,Max Hasak,1893,http://d-nb.info/gnd/117503002,117503002,Max Hasak,Hasak,Max,Mann,1856,1934,NA,NA,NA
knigge_umgang01_1788,Ueber den Umgang mit Menschen,Gebrauchsliteratur,Adolph von Knigge,1788,http://d-nb.info/gnd/11856370X,11856370X,"Adolph Knigge, Freiherr","Knigge, Freiherr",Adolph,Mann,16. Oktober 1752,6. Mai 1796,Wennigsen- Bredenbeck am Deister,9.572777,52.273888
herwegh_gedichte01_1841,Gedichte eines Lebendigen,Belletristik,Georg Herwegh,1841,http://d-nb.info/gnd/118550128,118550128,Georg Herwegh,Herwegh,Georg,Mann,31. Mai 1817,7. April 1875,Stuttgart,9.176944,48.782222
mosen_galerie_1844,Die Dresdener Gemälde-Galerie,Gebrauchsliteratur,Julius Mosen,1844,http://d-nb.info/gnd/118584375,118584375,Julius Mosen,Mosen,Julius,Mann,8. Juli 1803,10. Oktober 1867,Marieney,12.262309,50.372199
justi_velazquez01_1888,Diego Velazquez und sein Jahrhundert,Wissenschaft,Carl Justi,1888,http://d-nb.info/gnd/118714325,118714325,Carl Justi,Justi,Carl,Mann,2. August 1832,9. Dezember 1912,Marburg,8.770555,50.808888
goethe_lehrjahre02_1795,Wilhelm Meisters Lehrjahre,Belletristik,Johann Wolfgang von Goethe,1795,http://d-nb.info/gnd/118540238,118540238,Johann Wolfgang von Goethe,Goethe,Johann Wolfgang,Mann,28. August 1749,22. März 1832,Frankfurt am Main,8.684166,50.115277
loehe_predigt_1873,Erste Predigt zu Neuendettelsau,Gebrauchsliteratur,Wilhelm Löhe,1873,http://d-nb.info/gnd/118728784,118728784,Wilhelm Löhe,Löhe,Wilhelm,Mann,21. Februar 1808,2. Januar 1872,Fürth (Bayern),10.988333,49.475833
czepko_siebengestirne_1671,Sieben-Gestirne Königlicher Busse/ das ist/ Die Sieben Buß-Psalmen/ Des Königes und Propheten Davids,Wissenschaft,Daniel von Czepko,1671,http://d-nb.info/gnd/118677640,118677640,Daniel von Czepko,Czepko,Daniel,NA,23. September 1605,9. September 1660,Koischwitz (Liegnitz),NA,NA
brandes_naturlehre01_1830,Vorlesungen über die Naturlehre,Gebrauchsliteratur,Heinrich Wilhelm Brandes,1830,http://d-nb.info/gnd/100055427,100055427,Heinrich Wilhelm Brandes,Brandes,Heinrich Wilhelm,Mann,27. Juli 1777,17. Mai 1834,Groden bei Ritzebüttel,NA,NA
moeser_phantasien02_1776,Patriotische Phantasien,Gebrauchsliteratur,Justus Möser,1776,http://d-nb.info/gnd/11858314X,11858314X,Justus Möser,Möser,Justus,Mann,14. Dezember 1720,8. Januar 1794,Osnabrück,8.049799,52.27264
fleming_jaeger01_1719,Der vollkommene teutsche Jäger,Wissenschaft,Hans Friedrich von Fleming,1719,http://d-nb.info/gnd/133924726,133924726,Hans Friedrich von Fleming,Fleming,Hans Friedrich,Mann,1670,8. Mai 1733,NA,NA,NA
anhaltkoethen_fruchtbringende_1628,Kurtzer Bericht Von der Fruchtbringenden Gesellschafft Vorhaben/ auch dero Nahmen/ Gemählde und Wörter,Wissenschaft,Ludwig von Anhalt-Köthen,1628,http://d-nb.info/gnd/118574868,118574868,"Ludwig, Anhalt-Köthen, Fürst","Ludwig, Anhalt-Köthen, Fürst",NA,Mann,17. Juni 1579,7. Januar 1650,Dessau,12.245549,51.838639
arends_exter_1708,Eines zehen-jährigen Knabens Christlieb Leberecht von Exter/ aus Zerbst/ Christlich geführter Lebens-Lauff,Gebrauchsliteratur,Arnds Wilhelm Erasmus,1708,http://d-nb.info/gnd/12465200X,12465200X,Wilhelm Erasmus Arnds,Arnds,Wilhelm Erasmus,Mann,5. Februar 1677,11. Mai 1721,NA,NA,NA
pahl_gutachten_1797,"Wohlgemeyntes, in Vernunft und Schrift bestgegründetes, jedoch unmaaßgebliches Gutachten, über die Wahlfähigkeit eines Landtagsdeputirten in Wirtemberg",Gebrauchsliteratur,Johann Gottfried Pahl,1797,http://d-nb.info/gnd/10038384X,10038384X,Johann Gottfried von Pahl,Pahl,Johann Gottfried,Mann,12. Juni 1768,18. April 1839,Aalen,10.093299,48.837769
uhse_poet_1719,Wohl-informirter Poët,Gebrauchsliteratur,Erdmann Uhse,1719,http://d-nb.info/gnd/12481350X,12481350X,Erdmann Uhse,Uhse,Erdmann,Mann,1. Dezember 1677,5. September 1730,Guben,14.71447,51.949869
mueller_waldhornist_1821,Sieben und siebzig Gedichte aus den hinterlassenen Papieren eines reisenden Waldhornisten,Belletristik,Wilhelm Müller,1821,http://d-nb.info/gnd/11858524X,11858524X,Wilhelm Müller,Müller,Wilhelm,Mann,7. Oktober 1794,30. September 1827,Dessau,12.245549,51.838639
brandes_naturlehre02_1831,Vorlesungen über die Naturlehre,Gebrauchsliteratur,Heinrich Wilhelm Brandes,1831,http://d-nb.info/gnd/100055427,100055427,Heinrich Wilhelm Brandes,Brandes,Heinrich Wilhelm,Mann,27. Juli 1777,17. Mai 1834,Groden bei Ritzebüttel,NA,NA
euler_algebra02_1770,Vollständige Anleitung zur Algebra,Wissenschaft,Leonhard Euler,1770,http://d-nb.info/gnd/118531379,118531379,Leonhard Euler,Euler,Leonhard,Mann,15. April 1707,18. September 1783,Basel,7.58333,47.549999
thomasius_ausuebungvernunfftlehre_1691,Außübung Der Vernunfft-Lehre,Wissenschaft,Christian Thomasius,1691,http://d-nb.info/gnd/11862220X,11862220X,Christian Thomasius,Thomasius,Christian,Mann,1. Januar 1655,23. September 1728,Leipzig,12.371111,51.339444
zachariae_schriften06_1764,Poetische Schriften,Belletristik,Justus Friedrich Wilhelm Zachariae,1764,http://d-nb.info/gnd/118808230,118808230,Justus Friedrich Wilhelm Zachariae,Zachariae,Justus Friedrich Wilhelm,Mann,1. Mai 1726,30. Januar 1777,Bad Frankenhausen (Kyffhäuser),11.099769,51.35609
loescher_historie_1705,Historie Des Römischen Huren-Regiments Der Theodoræ und Maroziæ,Wissenschaft,Valentin Ernst Löscher,1705,http://d-nb.info/gnd/118728830,118728830,Valentin Ernst Löscher,Löscher,Valentin Ernst,Mann,29. Dezember 1673,12. Februar 1749,Sondershausen,10.87011,51.369729
grimmelshausen_continuatio_1669,Continuatio des abentheurlichen Simplicissimi Oder Der Schluß desselben,Belletristik,Hans Jakob Christoffel von Grimmelshausen,1669,http://d-nb.info/gnd/118542273,118542273,Hans Jakob Christoffel von Grimmelshausen,Grimmelshausen,Hans Jakob Christoffel,Mann,XX.XX.1622,17. August 1676,Gelnhausen,9.187419,50.201639
santa_judas01_1686,Judas Der Ertz-Schelm/ Für ehrliche Leuth/ Oder: Eigentlicher Entwurff/ vnd Lebens-Beschreibung deß Iscariotischen Bößwicht,Gebrauchsliteratur,Abraham a Sancta Clara,1686,http://d-nb.info/gnd/11850021X,11850021X,"Abraham, a Sancta Clara","Abraham, a Sancta Clara",NA,Mann,2. Juli 1644,1. Dezember 1709,Kreenheinstetten,9.052777,48.057222
blumenbach_physiologie_1795,Anfangsgründe der Physiologie,Wissenschaft,Johann Friedrich Blumenbach,1795,http://d-nb.info/gnd/116208503,116208503,Johann Friedrich Blumenbach,Blumenbach,Johann Friedrich,Mann,11. Mai 1752,22. Januar 1840,Gotha,10.701666,50.948055
lohenstein_ibrahim_1673,Ibrahim Sultan,Belletristik,Daniel Casper von Lohenstein,1673,http://d-nb.info/gnd/118574078,118574078,Daniel Casper von Lohenstein,Lohenstein,Daniel Casper,Mann,5. Januar 1635,28. April 1683,Nimptsch,16.83573,50.720069
calvi_beutelschneider01_1627,Beutelschneider/ Oder Neue/ warhaffte/ vnd eigentliche Beschreibung Der Diebs Historien,Belletristik,François de Calvi,1627,http://d-nb.info/gnd/128582502,128582502,François de Calvi,Calvi,François,NA,NA,NA,Lyon,4.846709,45.74846
kortum_jobsiade02_1799,Die Jobsiade,Belletristik,Carl Arnold Kortum,1799,http://d-nb.info/gnd/118715097,118715097,Carl Arnold Kortum,Kortum,Carl Arnold,Mann,5. Juli 1745,15. August 1824,Mülheim an der Ruhr,6.883333,51.433333
grimmelshausen_michel_1673,Deß Weltberuffenen SIMPLICISSIMI Pralerey und Gepräng mit seinem Teutschen Michel,Belletristik,Hans Jakob Christoffel von Grimmelshausen,1673,http://d-nb.info/gnd/118542273,118542273,Hans Jakob Christoffel von Grimmelshausen,Grimmelshausen,Hans Jakob Christoffel,Mann,XX.XX.1622,17. August 1676,Gelnhausen,9.187419,50.201639
haller_anfangsgruende05_1772,Anfangsgründe der Phisiologie des menschlichen Körpers,Wissenschaft,Albrecht von Haller,1772,http://d-nb.info/gnd/118545140,118545140,Albrecht von Haller,Haller,Albrecht,Mann,16. Oktober 1708,12. Dezember 1777,Bern,7.447222,46.948055
holz_phantasus01_1898,Phantasus,Belletristik,Arno Holz,1898,http://d-nb.info/gnd/118553216,118553216,Arno Holz,Holz,Arno,Mann,26. April 1863,26. Oktober 1929,Rastenburg,21.37527,54.07676
glauber_furni03_1648,"Furni Philosophici, oder Philosophischer Oefen Dritter Theil",Wissenschaft,Johann Rudolph Glauber,1648,http://d-nb.info/gnd/118695304,118695304,Johann Rudolph Glauber,Glauber,Johann Rudolph,Mann,16. April 1604,10. März 1670,Karlstadt,9.772389,49.96034
modestinus_unterredungen_1737,Freymüthige Doch Bescheidene Unterredungen Von Kirchen- Religions- Politischen- und Natur-Sachen,Gebrauchsliteratur,Theophilus Modestinus,1737,http://d-nb.info/gnd/10413836X,10413836X,Theophilus Modestinus,Modestinus,Theophilus,Mann,NA,NA,NA,NA,NA
lambert_organon02_1764,Neues Organon,Wissenschaft,Johann Heinrich Lambert,1764,http://d-nb.info/gnd/118568876,118568876,Johann Heinrich Lambert,Lambert,Johann Heinrich,Mann,26. August 1728,25. September 1777,Mülhausen,7.33333,47.75
bodmer_sammlung12_1744,"Sammlung Critischer, Poetischer, und anderer geistvollen Schriften",Belletristik,Johann Jacob Bodmer,1744,http://d-nb.info/gnd/118512315,118512315,Johann Jakob Bodmer,Bodmer,Johann Jakob,Mann,19. Juli 1698,2. Januar 1783,Greifensee (Ort),NA,NA
sandrart_iconologia_1680,ICONOLOGIA DEORUM,Wissenschaft,Joachim von Sandrart,1680,http://d-nb.info/gnd/118794396,118794396,Joachim von Sandrart,Sandrart,Joachim,Mann,12. Mai 1606,14. Oktober 1688,Frankfurt am Main,8.684166,50.115277
moerike_gedichte_1838,Gedichte,Belletristik,Eduard Mörike,1838,http://d-nb.info/gnd/118583107,118583107,Eduard Mörike,Mörike,Eduard,Mann,8. September 1804,4. Juni 1875,Ludwigsburg,9.19161,48.897309
oa_policeij_1628,Der Statt Straßburg PoliceijOrdnung,Wissenschaft,NA N. N.,1628,NA,NA,NA,NA,NA,NA,NA,NA,NA,NA,NA
mutach_underricht_1709,Substantzlicher Vnderricht/ Von Gerichts- und Rechts-Sachen,Wissenschaft,Samuel Mutach,1709,http://d-nb.info/gnd/102122474,102122474,Samuel Mutach,Mutach,Samuel,Mann,1666,1735,NA,NA,NA
fontane_stechlin_1899,Der Stechlin,Belletristik,Theodor Fontane,1899,http://d-nb.info/gnd/118534262,118534262,Theodor Fontane,Fontane,Theodor,Mann,30. Dezember 1819,20. September 1898,Neuruppin,12.80311,52.92815
berlepsch_alpen_1861,Die Alpen in Natur- und Lebensbildern,Gebrauchsliteratur,Hermann Alexander von Berlepsch,1861,http://d-nb.info/gnd/116135859,116135859,Hermann Alexander von Berlepsch,Berlepsch,Hermann Alexander,Mann,1814,1883,NA,NA,NA
haarer_bawrenkrieg_1625,Eigentliche Warhafftige beschreibung deß Bawrenkriegs/,Wissenschaft,Peter Harer,1625,http://d-nb.info/gnd/130053120,130053120,Peter Harer,Harer,Peter,NA,1490,1555,NA,NA,NA
eschstruth_katz_1886,Katz' und Maus,Belletristik,Nataly von Eschstruth,1886,http://d-nb.info/gnd/116569549,116569549,Nataly von Eschstruth,Eschstruth,Nataly,Frau,17. Mai 1860,1. Dezember 1939,Hofgeismar,9.384999,51.49607
brentano_kasperl_1838,Geschichte vom braven Kasperl und dem schönen Annerl,Belletristik,Clemens Brentano,1838,http://d-nb.info/gnd/118515055,118515055,Clemens Brentano,Brentano,Clemens,Mann,9. September 1778,28. Juli 1842,Ehrenbreitstein,7.62,50.36
spielhagen_problematische04_1861,Problematische Naturen,Belletristik,Friedrich Spielhagen,1861,http://d-nb.info/gnd/118616196,118616196,Friedrich Spielhagen,Spielhagen,Friedrich,Mann,24. Februar 1829,25. Februar 1911,Magdeburg,11.629166,52.1275
daguerre_daguerrereotyp_1839,"Das Daguerreotyp und das Diorama,",Gebrauchsliteratur,Louis Jacques Mandé Daguerre,1839,http://d-nb.info/gnd/118670883,118670883,Louis Jacques Mandé Daguerre,Daguerre,Louis Jacques Mandé,Mann,10. Juli 1787,10. Juli 1851,NA,NA,NA
carus_zoologie_1872,Geschichte der Zoologie bis auf Joh. Müller und Charl. Darwin,Gebrauchsliteratur,Julius Victor Carus,1872,http://d-nb.info/gnd/104288647,104288647,Julius Victor Carus,Carus,Julius Victor,Mann,23. August 1823,10. März 1903,Leipzig,12.371111,51.339444
griesinger_psychische_1845,"Die Pathologie und Therapie der psychischen Krankheiten, für Aerzte und Studirende",Wissenschaft,Wilhelm Griesinger,1845,http://d-nb.info/gnd/11854215X,11854215X,Wilhelm Griesinger,Griesinger,Wilhelm,Mann,29. Juli 1817,26. Oktober 1868,Stuttgart,9.176944,48.782222
goethe_faustfragment_1790,Faust,Belletristik,Johann Wolfgang von Goethe,1790,http://d-nb.info/gnd/118540238,118540238,Johann Wolfgang von Goethe,Goethe,Johann Wolfgang,Mann,28. August 1749,22. März 1832,Frankfurt am Main,8.684166,50.115277
bacmeister_predigt_1614,Leichpredigt/ Bey der Volckreichen und ansehnlichen Begrebnuß des Weiland Edlen/ Gestrengen und Ehrnuesten Tessen Von Parsow/ Fürstlichen Meckelnburgischen bestalten Obristen und geheimen Rath/ auff Parsow und Vpall Erbgesessen.,Gebrauchsliteratur,Lucas Bacmeister,1614,http://d-nb.info/gnd/11602979X,11602979X,Lucas Bacmeister,Bacmeister,Lucas,Mann,2. November 1570,12. Oktober 1638,Rostock,12.140489,54.0887
herder_artundkunst_1773,Von Deutscher Art und Kunst,Wissenschaft,Johann Gottfried von Herder,1773,http://d-nb.info/gnd/118549553,118549553,Johann Gottfried von Herder,Herder,Johann Gottfried,Mann,25. August 1744,18. Dezember 1803,Mohrungen,19.92602,53.91711
arndt_christentum03_1610,Vom wahren Christenthumb,Gebrauchsliteratur,Johann Arndt,1610,http://d-nb.info/gnd/118504134,118504134,Johann Arndt,Arndt,Johann,Mann,27. Dezember 1555,11. Mai 1621,Edderitz,11.936944,51.699166
nn_kobald_1691,Eigentliche und warhafftige Erzehlung von dem Kobald/ Polter-Geist oder Hexen-Gespenst,Gebrauchsliteratur,unknown,1691,NA,NA,NA,NA,NA,NA,NA,NA,NA,NA,NA
aston_leben_1847,Aus dem Leben einer Frau,Gebrauchsliteratur,Louise Aston,1847,http://d-nb.info/gnd/118650769,118650769,Louise Aston,Aston,Louise,Frau,26. November 1814,21. Dezember 1871,Gröningen,11.216111,51.9375
rossmaessler_wald_1863,Der Wald,Gebrauchsliteratur,Emil Adolf Roßmäßler,1863,http://d-nb.info/gnd/118749927,118749927,Emil Adolf Roßmäßler,Roßmäßler,Emil Adolf,NA,3. März 1806,8. April 1867,Leipzig,12.371111,51.339444
oa_jubilaeum_1640,Jubilaeum Typographorum Lipsiensium Oder Zweyhundert-Jähriges Buchdrucker JubelFest,Wissenschaft,NA N. N.,1640,NA,NA,NA,NA,NA,NA,NA,NA,NA,NA,NA
pasch_voltesiren_1660,Kurtze iedoch gründliche Beschreibung Des Voltesirens/ So wohl auf dem Pferde als über den Tisch,Gebrauchsliteratur,Johann Georg Pascha,1660,http://d-nb.info/gnd/121927083,121927083,Johann Georg Pasch,Pasch,Johann Georg,NA,9. September 1628,1. September 1678,Dresden,13.738319,51.05089
arndt_christentum02_1610,Vom wahren Christenthumb,Gebrauchsliteratur,Johann Arndt,1610,http://d-nb.info/gnd/118504134,118504134,Johann Arndt,Arndt,Johann,Mann,27. Dezember 1555,11. Mai 1621,Edderitz,11.936944,51.699166
moerike_nolten01_1832,Maler Nolten,Belletristik,Eduard Mörike,1832,http://d-nb.info/gnd/118583107,118583107,Eduard Mörike,Mörike,Eduard,Mann,8. September 1804,4. Juni 1875,Ludwigsburg,9.19161,48.897309
carus_gynaekologie01_1820,Lehrbuch der Gynäkologie,Wissenschaft,Carl Gustav Carus,1820,http://d-nb.info/gnd/118519352,118519352,Carl Gustav Carus,Carus,Carl Gustav,Mann,3. Januar 1789,28. Juli 1869,Leipzig,12.371111,51.339444
kunckel_glasmacher_1679,"Ars Vitraria Experimentalis, Oder Vollkommene Glasmacher-Kunst/ Lehrende [...] Die allerkurtz-bündigsten Manieren/ das reineste Chrystall-Glas; alle gefärbte oder tingirte Gläser; künstliche Edelstein oder Flüsse; Amausen/ oder Schmeltze; Doubleten; Spiegeln/ das Tropff-Glas; die schönste Ultramarin, Lacc- und andere nützliche Mahler-Farben; Jngleichen wie die Saltze zu den allerreinesten Chrystallinen Gut/ nach der besten Weise an allen Orten Deutschlands mit geringer Müh und Unkosten copieus und compendieus zu machen/ auch wie das Glas zu mehrer Perfection und Härte zu bringen",Wissenschaft,Johannes Kunckel,1679,http://d-nb.info/gnd/11872536X,11872536X,Johannes Kunckel,Kunckel,Johannes,Mann,1630,20. März 1703,Hütten (Rendsburg-Eckernförde),NA,NA
gottsched_versuch_1730,Versuch einer Critischen Dichtkunst vor die Deutschen,Gebrauchsliteratur,Johann Christoph Gottsched,1730,http://d-nb.info/gnd/118541013,118541013,Johann Christoph Gottsched,Gottsched,Johann Christoph,Mann,2. Februar 1700,12. Dezember 1766,Juditten (Königsberg),NA,NA
milichius_1617,Dominus abstulit. Das ist: Wer doch die lieben Kinder durch den Zeitlichen todt von den Eltern abfodere/ Nemlichen/ GOtt der HERRE/ vnd auß waß vrsachen. Bey dem Begräbnüß Des Edlen/ Ehrenvesten vnnd Wolbenambten Herren Caspar Latowsken/ von Kowallen auff Ottendorff,Gebrauchsliteratur,Daniel Milichius,1617,NA,NA,NA,NA,NA,NA,NA,NA,NA,NA,NA
suppius_oden_1749,Oden und Lieder,Belletristik,Christoph Eusebius Suppius,1749,http://d-nb.info/gnd/133694917,133694917,Christoph Eusebius Suppius,Suppius,Christoph Eusebius,Mann,1709,1763,Naundorf bei Reideburg,12.077777,51.460555
nietzsche_homer_1869,Homer und die klassische Philologie,Wissenschaft,Friedrich Nietzsche,1869,http://d-nb.info/gnd/118587943,118587943,Friedrich Nietzsche,Nietzsche,Friedrich,Mann,15. Oktober 1844,25. August 1900,Lützen-Röcken,12.115277,51.240833
rosegger_waldschulmeister_1875,Die Schriften des Waldschulmeisters,Belletristik,Peter Rosegger,1875,http://d-nb.info/gnd/118602667,118602667,Peter Rosegger,Rosegger,Peter,Mann,31. Juli 1843,26. Juni 1918,Krieglach-Alpl,15.56667,47.683329
vischer_aesthetik030204_1857,Ästhetik oder Wissenschaft des Schönen,Wissenschaft,Friedrich Theodor von Vischer,1857,http://d-nb.info/gnd/11862721X,11862721X,Friedrich Theodor Vischer,Vischer,Friedrich Theodor,Mann,30. Juni 1807,14. September 1887,Ludwigsburg,9.19161,48.897309
darwin_pflanzen_1876,Insectenfressende Pflanzen,Wissenschaft,Charles Darwin,1876,http://d-nb.info/gnd/118523813,118523813,Charles Darwin,Darwin,Charles,Mann,12. Februar 1809,19. April 1882,Shrewsbury,-2.752079,52.71009
jahn_rede_1849,Gottfried Herrmann. Eine Gedächnissrede,Gebrauchsliteratur,Otto Jahn,1849,http://d-nb.info/gnd/118556657,118556657,Otto Jahn,Jahn,Otto,Mann,16. Juni 1813,7. September 1869,Kiel,10.134722,54.321111
kentz_handwerksboden_1629,Güldener Handwercksboden. Das ist: Eine Allgemeine Wolgegründte/ Nützliche vnd Anmutige Betrachtung/ aller vnd jeden/ zu Nutz/ Nothdurfft/ vnd Wolfahrt/ auch Zierd/ Wolstand/ vnd Ergetzligkeit des Menschlichen Lebens/ Wandels/ vnd Auffenthalt/ Erfundenen/ verbesserten/ vnd bißhero getriebnen Handwercks Künsten,Wissenschaft,Paul Kentz,1629,http://d-nb.info/gnd/104080957,104080957,Paul Kentz,Kentz,Paul,NA,um 1606,1647,NA,NA,NA
hoffmannswaldau_gedichte03_1703,Herrn von Hoffmannswaldau und anderer Deutschen auserlesener und bißher ungedruckter Gedichte,Belletristik,Christian Hofmann von Hofmannswaldau,1703,http://d-nb.info/gnd/118706187,118706187,Christian Hofmann von Hofmannswaldau,Hofmann von Hofmannswaldau,Christian,Mann,25. Dezember 1617,18. April 1679,Breslau,17.033329,51.1
gryphius_rechtsgelehrter_1659,Großmüttiger Rechts-Gelehrter/ Oder Sterbender Æmilius Paulus Papinianus,Belletristik,Andreas Gryphius,1659,http://d-nb.info/gnd/118543032,118543032,Andreas Gryphius,Gryphius,Andreas,Mann,2. Oktober 1616,16. Juli 1664,Glogau,16.084499,51.663609
pahl_libell_1797,"Vernunft- und schriftmäßiges Schutz- Trutz- und Vertheidigungs-Libell für den Wirtembergischen Adel, gegen die demokratischen und jakobinischen Belialssöhne unserer Zeit",Gebrauchsliteratur,Sebastian Käsbohrer,1797,http://d-nb.info/gnd/10038384X,10038384X,Johann Gottfried von Pahl,Pahl,Johann Gottfried,Mann,12. Juni 1768,18. April 1839,Aalen,10.093299,48.837769
weckherlin_oden01_1618,Oden vnd Gesäng,Belletristik,Georg Rodolf Weckherlin,1618,http://d-nb.info/gnd/118629840,118629840,Georg Rodolf Weckherlin,Weckherlin,Georg Rodolf,Mann,1584,1653,NA,NA,NA
greflinger_krieg_1657,Der Deutschen Dreyßig-Jähriger Krjeg/ Poetisch erzählet,Belletristik,Georg Greflinger,1657,http://d-nb.info/gnd/118718622,118718622,Georg Greflinger,Greflinger,Georg,Mann,1620,1677,NA,NA,NA
arnold_cyprian_1700,Erklärung/ Vom gemeinen Secten-wesen/ Kirchen- und Abendmahl-gehen; Wie auch Vom recht-Evangel. Lehr-Amt/ und recht-Christl. Freyheit,Wissenschaft,Gottfried Arnold,1700,http://d-nb.info/gnd/118650386,118650386,Gottfried Arnold,Arnold,Gottfried,Mann,5. September 1666,30. Mai 1714,Annaberg (Erzgebirge),13.005,50.578611
wrangel_luxusfuhrwerk_1898,Das Luxus-Fuhrwerk,Wissenschaft,Carl Gustav Wrangel,1898,http://d-nb.info/gnd/122752473,122752473,Carl Gustav Wrangel,Wrangel,Carl Gustav,NA,4. April 1839,4. Oktober 1908,Hamburg,10,53.583329
herder_philosophie_1774,Auch eine Philosophie der Geschichte zur Bildung der Menschheit,Wissenschaft,Johann Gottfried von Herder,1774,http://d-nb.info/gnd/118549553,118549553,Johann Gottfried von Herder,Herder,Johann Gottfried,Mann,25. August 1744,18. Dezember 1803,Mohrungen,19.92602,53.91711
fontane_briest_1896,Effi Briest,Belletristik,Theodor Fontane,1896,http://d-nb.info/gnd/118534262,118534262,Theodor Fontane,Fontane,Theodor,Mann,30. Dezember 1819,20. September 1898,Neuruppin,12.80311,52.92815
ideler_wahnsinn_1847,Der religiöse Wahnsinn,Wissenschaft,Karl Wilhelm Ideler,1847,http://d-nb.info/gnd/118555316,118555316,Karl Wilhelm Ideler,Ideler,Karl Wilhelm,Mann,25. Oktober 1795,29. Juli 1860,Bentwisch (Wittenberge),11.728055,53.039166
bierbaum_stilpe_1897,Stilpe,Belletristik,Otto Julius Bierbaum,1897,http://d-nb.info/gnd/118510762,118510762,Otto Julius Bierbaum,Bierbaum,Otto Julius,Mann,28. Juni 1865,1. Februar 1910,Grünberg i. Schlesien,15.506388,51.935277
mueller_festigkeitslehre_1886,Die neueren Methoden der Festigkeitslehre und der Statik der Baukonstruktionen,Wissenschaft,Heinrich F. B. Müller-Breslau,1886,http://d-nb.info/gnd/123910889,123910889,NA,NA,NA,NA,NA,NA,NA,NA,NA
cancrin_beschreibung_1767,"Beschreibung der vorzüglichsten Bergwerke in Hessen, in dem Waldekkischen, an dem Haarz, in dem Mansfeldischen, in Chursachsen, und in dem Saalfeldischen",Wissenschaft,Franz Ludwig von Cancrin,1767,http://d-nb.info/gnd/116442794,116442794,Franz Ludwig von Cancrin,Cancrin,Franz Ludwig,Mann,1738,1812,Breidenbach,8.46667,50.88333
olearius_reise_1647,Offt begehrte Beschreibung Der Newen Orientalischen Rejse/ So durch Gelegenheit einer Holsteinischen Legation an den König in Persien geschehen,Belletristik,Adam Olearius,1647,http://d-nb.info/gnd/118736256,118736256,Adam Olearius,Olearius,Adam,Mann,XX.XX.1599,22. Februar 1671,Aschersleben,11.460839,51.75742
tulla_rhein_1822,"Der Rhein von Basel bis Mannheim mit Begründung der Nothwendigkeit, diesen Strom zu regulieren",Gebrauchsliteratur,Johann Gottfried Tulla,1822,http://d-nb.info/gnd/118763180,118763180,Johann Gottfried Tulla,Tulla,Johann Gottfried,NA,20. März 1770,27. März 1828,Karlsruhe,8.38583,49.004719
birken_gespraechspiel_1665,Pegnesische Gesprächspiel-Gesellschaft von Nymfen und Hirten,Belletristik,Sigmund von Birken,1665,http://d-nb.info/gnd/118511270,118511270,Sigmund von Birken,Birken,Sigmund,Mann,25. April 1626,12. Juni 1681,Skalná,12.36144,50.170299
humboldt_chinawaelder_1807,Über die Chinawälder in Südamerika,Wissenschaft,Alexander von Humboldt,1807,http://d-nb.info/gnd/118554700,118554700,Alexander von Humboldt,Humboldt,Alexander,Mann,14. September 1769,6. Mai 1859,Berlin,13.416669,52.5
klopstock_messias03_1769,Der Messias,Belletristik,Friedrich Gottlieb Klopstock,1769,http://d-nb.info/gnd/118563386,118563386,Friedrich Gottlieb Klopstock,Klopstock,Friedrich Gottlieb,Mann,2. Juli 1724,14. März 1803,Quedlinburg,11.150059,51.788429
opitz_poemata_1624,Teutsche Pöemata und: Aristarchvs Wieder die verachtung Teutscher Sprach,Belletristik,Martin Opitz,1624,http://d-nb.info/gnd/118590111,118590111,Martin Opitz,Opitz,Martin,Mann,23. Dezember 1597,20. August 1639,Bunzlau,15.569699,51.26418
thaer_landwirthschaft01_1809,Grundsätze der rationellen Landwirthschaft,Wissenschaft,Albrecht Daniel Thaer,1809,http://d-nb.info/gnd/118621513,118621513,Albrecht Daniel Thaer,Thaer,Albrecht Daniel,Mann,14. Mai 1752,26. Oktober 1828,Celle,NA,NA
sandrart_academie0101_1675,"L’Academia Todesca. della Architectura, Scultura & Pittura: Oder Teutsche Academie der Edlen Bau- Bild- und Mahlerey-Künste",Wissenschaft,Joachim von Sandrart,1675,http://d-nb.info/gnd/118794396,118794396,Joachim von Sandrart,Sandrart,Joachim,Mann,12. Mai 1606,14. Oktober 1688,Frankfurt am Main,8.684166,50.115277
rueckert_brahmane01_1836,Die Weisheit des Brahmanen,Belletristik,Friedrich Rückert,1836,http://d-nb.info/gnd/118603817,118603817,Friedrich Rückert,Rückert,Friedrich,Mann,16. Mai 1788,31. Januar 1866,Schweinfurt,10.22175,50.04937
falke_trachten01_1858,Die deutsche Trachten- und Modenwelt,Gebrauchsliteratur,Jakob von Falke,1858,http://d-nb.info/gnd/101311974,101311974,Jakob von Falke,Falke,Jakob,Mann,25. Juni 1825,8. Juni 1897,Ratzeburg,10.790839,53.694699
deckhardt_kochbuch_1611,New/ Kunstreich vnd Nützliches Kochbuch,Gebrauchsliteratur,Johann Deckhardt,1611,http://d-nb.info/gnd/1020420243,1020420243,Johann Deckhardt,Deckhardt,Johann,NA,NA,NA,NA,NA,NA
weigel_gueldenergriff_1613,Der güldene Griff/ Alle Ding ohne Jrrthumb zuerkennen/ vielen Hochgelährten vnbekandt/ vnd doch allen Menschen nothwendig zu wissen,Gebrauchsliteratur,Valentin Weigel,1613,http://d-nb.info/gnd/118630105,118630105,Valentin Weigel,Weigel,Valentin,Mann,7. August 1533,10. Juni 1588,Naundorf bei Großenhain (Sachsen),NA,NA
hegel_logik0101_1812,Wissenschaft der Logik,Wissenschaft,Georg Wilhelm Friedrich Hegel,1812,http://d-nb.info/gnd/118547739,118547739,Georg Wilhelm Friedrich Hegel,Hegel,Georg Wilhelm Friedrich,Mann,27. August 1770,14. November 1831,Stuttgart,9.176944,48.782222
sperander_negotiant_1706,Sorgfältiger Negotiant und Wechßler,Wissenschaft,Friedrich Gladov,1706,http://d-nb.info/gnd/138989605,138989605,Friedrich Gladov,Gladov,Friedrich,NA,NA,24. März 1715,NA,NA,NA
raschdorff_hochbau_1880,Die Hochbau-Ausführungen des Preußischen Staates. Denkschrift der Vereinigung zur Vertretung baukünstlerischer Interessen in Berlin,Gebrauchsliteratur,Julius Raschdorff,1880,http://d-nb.info/gnd/118828940,118828940,Julius Raschdorff,Raschdorff,Julius,Mann,2. Juli 1823,13. August 1914,Pleß,18.95382,49.98037
oa_cartouche_1722,"Der berühmte Ertz-Dieb und Strassen-Räuber Cartouche, Derer Strassen-Räuber, Diebe und Spitz-Buben Ober-Haupt und Commandeur in Franckreich, in denen merckwürdigsten Begebenheiten seines bösen Lebens, endlichen aufrichtigen Bekäntnisses und schwehren Todes vorgestellet",Belletristik,NA N. N.,1722,NA,NA,NA,NA,NA,NA,NA,NA,NA,NA,NA
semmelweis_kindbettfieber_1861,"Die Aetiologie, der Begriff und die Prophylaxis des Kindbettfiebers",Wissenschaft,Ignaz Philipp Semmelweis,1861,http://d-nb.info/gnd/118613138,118613138,Ignaz Philipp Semmelweis,Semmelweis,Ignaz Philipp,Mann,1. Juli 1818,13. August 1865,Buda,19.033333,47.5
marx_kapital01_1867,Das Kapital,Wissenschaft,Karl Marx,1867,http://d-nb.info/gnd/118578537,118578537,Karl Marx,Marx,Karl,Mann,5. Mai 1818,14. März 1883,Trier,6.63935,49.75565
trichter_ritterexercitienlexikon_1742,Curiöses Reit- Jagd- Fecht- Tantz- oder Ritter-Exercitien-Lexicon,Gebrauchsliteratur,Valentin Trichter,1742,http://d-nb.info/gnd/100657095,100657095,Valentin Trichter,Trichter,Valentin,Mann,1685,1750,NA,NA,NA
gottfried_historia_1631,Newe Welt Vnd Americanische Historien/ Jnhaltende Warhafftige vnd volkommene Beschreibungen Aller West-Jndianischen Landschafften [...] zusampt der Natur vnd Eigenschafft deß Erdrichs [...] wie auch der Thier [...] sampt andern Wunderbaren Creaturen vnd Miraculn der Natur/ in diesem halben Theil deß Erdkreyses,Wissenschaft,Johann Ludwig Gottfried,1631,http://d-nb.info/gnd/100015999,100015999,Johann Ludwig Gottfried,Gottfried,Johann Ludwig,NA,1584,11. Mai 1633,Amberg,11.8625,49.442777
stieber_magni_1716,"Leben Des Hertzogs Magni zu Mecklenburg, Ersten Evangelischen Bischoffs zu Schwerin",Belletristik,Georg Friedrich Stieber,1716,http://d-nb.info/gnd/121840964,121840964,Georg Friedrich Stieber,Stieber,Georg Friedrich,Mann,6. Juli 1684,6. April 1755,Speyer,8.43111,49.32083
vertrag_westfaelischer_1648,"Friedens-Schluß / So von der Römischen Käyserlichen / Vnd  Aller-Christl. Königl. Mayst. Mayst. Als auch Deß Heyl. Römischen Reichs Extraordinari-Deputirten, vnd anderer Chur:Fürsten vnd Ständ Gevollmächtigten vnd Hochansehenlichen Herren Abgesandten zu Münster in Westphalen / am 24/14. Octobris Im Jahr 1648. in offentlicher Versamblung vnderschrieben vnd bekräfftiget / auch den 25/15. eiusdem solenniter publicirt worden / etc.",Gebrauchsliteratur,unknown,1649,NA,NA,NA,NA,NA,NA,NA,NA,NA,NA,NA
marx_manifestws_1848,Manifest der Kommunistischen Partei,Gebrauchsliteratur,Karl Marx,1848,http://d-nb.info/gnd/118578537,118578537,Karl Marx,Marx,Karl,Mann,5. Mai 1818,14. März 1883,Trier,6.63935,49.75565
storm_immensee_1852,Immensee,Belletristik,Theodor Storm,1852,http://d-nb.info/gnd/118618725,118618725,Theodor Storm,Storm,Theodor,Mann,14. September 1817,4. Juli 1888,Husum (Kreis Nordfriesland),9.052222,54.485555
liliencron_adjutantenritte_1883,Adjutantenritte und andere Gedichte,Belletristik,Detlev von Liliencron,1883,http://d-nb.info/gnd/118572954,118572954,Detlev von Liliencron,Liliencron,Detlev,Mann,3. Juni 1844,22. Juli 1909,Kiel,10.134722,54.321111
buechner_werke_1879,Sämmtliche Werke und handschriftlicher Nachlaß,Belletristik,Georg Büchner,1879,http://d-nb.info/gnd/118516906,118516906,Georg Büchner,Büchner,Georg,Mann,17. Oktober 1813,19. Februar 1837,Goddelau,8.49806,49.833629
rotth_bedencken_1692,Eylfertiges Bedencken über M. August Hermann Franckens/ Pastoris zu Glauche vor Halle/Seine Schutz-Predigt/ Ob Er Durch dieselbe seinen Zweck/ den er auf dem Titul gedachter Predigt/ berühret hat/ erlanget oder nicht?,Gebrauchsliteratur,Albrecht Christian Rotth,1692,http://d-nb.info/gnd/115378510,115378510,Albrecht Christian Rotth,Rotth,Albrecht Christian,Mann,12. Januar 1651,10. Dezember 1701,Ottenhausen (Weißensee),11.001944,51.213888
stifter_nachsommer03_1857,Der Nachsommer,Belletristik,Adalbert Stifter,1857,http://d-nb.info/gnd/118618156,118618156,Adalbert Stifter,Stifter,Adalbert,Mann,23. Oktober 1805,28. Januar 1868,Horní Planá,14.032569,48.767359
friderici_musica_1619,"Musica Figuralis, Oder Newe Klärliche Richtige/ vnd vorstentliche vnterweisung/ Der SingeKunst",Wissenschaft,Daniel Friderici,1619,http://d-nb.info/gnd/121912760,121912760,Daniel Friderici,Friderici,Daniel,Mann,1584,1638,NA,NA,NA
spener_bedencken02_1701,Theologische Bedencken,Gebrauchsliteratur,Philipp Jakob Spener,1701,http://d-nb.info/gnd/118616099,118616099,Philipp Jakob Spener,Spener,Philipp Jakob,Mann,13. Januar 1635,5. Februar 1705,Rappoltsweiler,7.319379,48.195099
kepler_messekunst_1616,Außzug auß der Vralten Messe Kunst Archimedis Vnd deroselben newlich in Latein außgangener Ergentzung/ Vnd deroselben newlich in Latein außgangener Ergentzung/ betreffend Rechnung der Cörperlichen Figuren/ holen Gefessen vnd Weinfässer [...],Wissenschaft,Johannes Kepler,1616,http://d-nb.info/gnd/118561448,118561448,Johannes Kepler,Kepler,Johannes,Mann,27. Dezember 1571,15. November 1630,Weil der Stadt,8.87176,48.74953
goethe_faust01_1808,Faust,Belletristik,Johann Wolfgang von Goethe,1808,http://d-nb.info/gnd/118540238,118540238,Johann Wolfgang von Goethe,Goethe,Johann Wolfgang,Mann,28. August 1749,22. März 1832,Frankfurt am Main,8.684166,50.115277
curtius_sprachforschung_1885,Zur Kritik der neuesten Sprachforschung,Wissenschaft,Georg Curtius,1885,http://d-nb.info/gnd/118670743,118670743,Georg Curtius,Curtius,Georg,Mann,16. April 1820,12. August 1885,Lübeck,10.68729,53.868929
buchholtz_herkules01_1659,Des Christlichen Teutschen Groß-Fürsten Herkules Und der Böhmischen Königlichen Fräulein Valjska Wunder-Geschichte,Belletristik,Andreas Heinrich Bucholtz,1659,http://d-nb.info/gnd/118516744,118516744,Andreas Heinrich Bucholtz,Bucholtz,Andreas Heinrich,NA,1607,1671,Schöningen,10.967449,52.138019
storch_petersburg02_1794,Gemählde von St. Petersburg,Gebrauchsliteratur,Heinrich Friedrich von Storch,1794,http://d-nb.info/gnd/118897756,118897756,Heinrich Friedrich von Storch,Storch,Heinrich Friedrich,Mann,15. Februar 1766,1. November 1835,Riga,24.105889,56.945999
paul_titan03_1802,Titan,Belletristik,Jean Paul,1802,http://d-nb.info/gnd/118557211,118557211,Jean Paul,NA,NA,Mann,21. März 1763,14. November 1825,Wunsiedel,12.00342,50.03923
voss_ini_1810,Ini,Belletristik,Julius von Voß,1810,http://d-nb.info/gnd/118627929,118627929,Julius von Voß,Voß,Julius,Mann,24. August 1768,1. November 1832,NA,NA,NA
krafft_landwirthschaft03_1876,Lehrbuch der Landwirthschaft auf wissenschaftlicher und praktischer Grundlage,Wissenschaft,Guido Krafft,1876,http://d-nb.info/gnd/101165099,101165099,Guido Krafft,Krafft,Guido,NA,1844,1907,NA,NA,NA
bodmer_sammlung04_1742,"Sammlung Critischer, Poetischer, und anderer geistvollen Schriften",Belletristik,Johann Jacob Bodmer,1742,http://d-nb.info/gnd/118512315,118512315,Johann Jakob Bodmer,Bodmer,Johann Jakob,Mann,19. Juli 1698,2. Januar 1783,Greifensee (Ort),NA,NA
humboldt_kosmos02_1847,Kosmos,Wissenschaft,Alexander von Humboldt,1847,http://d-nb.info/gnd/118554700,118554700,Alexander von Humboldt,Humboldt,Alexander,Mann,14. September 1769,6. Mai 1859,Berlin,13.416669,52.5
moeser_phantasien01_1775,Patriotische Phantasien,Gebrauchsliteratur,Justus Möser,1775,http://d-nb.info/gnd/11858314X,11858314X,Justus Möser,Möser,Justus,Mann,14. Dezember 1720,8. Januar 1794,Osnabrück,8.049799,52.27264
spindler_jugendfruechte_1745,Unschuldige Jugend-Früchte,Belletristik,Christian Gotthold Spindler,1745,http://d-nb.info/gnd/100410618,100410618,Christian Gotthold Spindler,Spindler,Christian Gotthold,NA,NA,NA,NA,NA,NA
hagedorn_sammlung02_1744,Sammlung Neuer Oden und Lieder,Belletristik,Friedrich von Hagedorn,1744,http://d-nb.info/gnd/118700421,118700421,Friedrich von Hagedorn,Hagedorn,Friedrich,Mann,23. April 1708,28. Oktober 1754,Hamburg,10,53.583329
lucius_canaan_1731,Das Schweitzerische Von Milch und Honig fliessende Canaan,Gebrauchsliteratur,Samuel Lucius,1731,NA,NA,NA,NA,NA,NA,NA,NA,NA,NA,NA
strouhal_tonerregung_1878,Ueber eine besondere Art der Tonerregung,Wissenschaft,Vincenz Strouhal,1878,http://d-nb.info/gnd/117677043,117677043,Vincenz Strouhal,Strouhal,Vincenz,Mann,1850,1922,NA,NA,NA
knigge_umgang02_1788,Ueber den Umgang mit Menschen,Gebrauchsliteratur,Adolph von Knigge,1788,http://d-nb.info/gnd/11856370X,11856370X,"Adolph Knigge, Freiherr","Knigge, Freiherr",Adolph,Mann,16. Oktober 1752,6. Mai 1796,Wennigsen- Bredenbeck am Deister,9.572777,52.273888
philippi_reimschmiedekunst_1743,"Regeln und Maximen der edlen Reimschmiede-Kunst, auch kriechender Poesie",Gebrauchsliteratur,Johann Ernst Philippi,1743,http://d-nb.info/gnd/123414709,123414709,NA,NA,NA,NA,NA,NA,NA,NA,NA
barclay_argenis_1626,Johann Barclaÿens Argenis Deutsch gemacht durch Martin Opitzen,Belletristik,John Barclay,1626,http://d-nb.info/gnd/118506528,118506528,John Barclay,Barclay,John,NA,28. Januar 1582,15. August 1621,Pont-à-Mousson,6.058888,48.907777
clausewitz_krieg03_1834,Vom Kriege,Wissenschaft,Carl von Clausewitz,1834,http://d-nb.info/gnd/11852111X,11852111X,Carl von Clausewitz,Clausewitz,Carl,Mann,1. Juli 1780,16. November 1831,Burg b. Magdeburg,11.854722,52.271388
heine_reisebilder01_1826,Reisebilder,Belletristik,Heinrich Heine,1826,http://d-nb.info/gnd/118548018,118548018,Heinrich Heine,Heine,Heinrich,Mann,13. Dezember 1797,17. Februar 1856,Düsseldorf,6.77616,51.221719
sandrart_academie0103_1675,"L’Academia Todesca. della Architectura, Scultura & Pittura: Oder Teutsche Academie der Edlen Bau- Bild- und Mahlerey-Künste",Wissenschaft,Joachim von Sandrart,1675,http://d-nb.info/gnd/118794396,118794396,Joachim von Sandrart,Sandrart,Joachim,Mann,12. Mai 1606,14. Oktober 1688,Frankfurt am Main,8.684166,50.115277
bose_electricitaet_1744,Die Electricität nach ihrer Entdeckung und Fortgang,Wissenschaft,Georg Matthias Bose,1744,http://d-nb.info/gnd/117621757,117621757,Georg Matthias Bose,Bose,Georg Matthias,Mann,22. September 1710,17. September 1761,Leipzig,12.371111,51.339444
schauberg_freimaurerei03_1863,Vergleichendes Handbuch der Symbolik der Freimaurerei,Gebrauchsliteratur,Joseph Schauberg,1863,http://d-nb.info/gnd/117111473,117111473,Joseph Schauberg,Schauberg,Joseph,Mann,2. März 1808,14. März 1866,Annweiler am Trifels,7.975277,49.206111
schmolck_sabbath_1712,Der Lustige Sabbath/ Jn der Stille Zu Zion Mit Heiligen Liedern gefeyert,Belletristik,Benjamin Schmolck,1712,http://d-nb.info/gnd/118759965,118759965,Benjamin Schmolck,Schmolck,Benjamin,Mann,21. Dezember 1672,12. Februar 1737,Brauchitschdorf (Chróstnik),NA,NA
goethe_wahlverw01_1809,Die Wahlverwandtschaften,Belletristik,Johann Wolfgang von Goethe,1809,http://d-nb.info/gnd/118540238,118540238,Johann Wolfgang von Goethe,Goethe,Johann Wolfgang,Mann,28. August 1749,22. März 1832,Frankfurt am Main,8.684166,50.115277
strauss_jesus02_1836,"Das Leben Jesu, kritisch bearbeitet",Wissenschaft,David Friedrich Strauß,1836,http://d-nb.info/gnd/118619055,118619055,David Friedrich Strauß,Strauß,David Friedrich,Mann,27. Januar 1808,8. Februar 1874,Ludwigsburg,9.19161,48.897309
schauberg_freimaurerei02_1861,Vergleichendes Handbuch der Symbolik der Freimaurerei,Gebrauchsliteratur,Joseph Schauberg,1861,http://d-nb.info/gnd/117111473,117111473,Joseph Schauberg,Schauberg,Joseph,Mann,2. März 1808,14. März 1866,Annweiler am Trifels,7.975277,49.206111
goethe_lehrjahre04_1796,Wilhelm Meisters Lehrjahre,Belletristik,Johann Wolfgang von Goethe,1796,http://d-nb.info/gnd/118540238,118540238,Johann Wolfgang von Goethe,Goethe,Johann Wolfgang,Mann,28. August 1749,22. März 1832,Frankfurt am Main,8.684166,50.115277
swift_unterricht_1748,"Des Herrn Dr. Jonathan Swifts wo nicht unverbesserlicher doch wohlgemeynter Unterricht für alle Arten unerfahrner Bedienten, aus vieljähriger sorgfältiger Aufmerksamkeit und Erfahrung zusammengetragen",Gebrauchsliteratur,Jonathan Swift,1748,http://d-nb.info/gnd/118620193,118620193,Jonathan Swift,Swift,Jonathan,Mann,30. November 1667,19. Oktober 1745,Dublin,-6.24889,53.33306
justi_abhandlung01_1758,Vollständige Abhandlung von denen Manufakturen und Fabriken,Gebrauchsliteratur,Johann Heinrich Gottlob von Justi,1758,http://d-nb.info/gnd/118714333,118714333,Johann Heinrich Gottlob von Justi,Justi,Johann Heinrich Gottlob,Mann,1717,1771,Brücken (Helme),11.198055,51.443888
campe_theophron02_1783,"Theophron, oder der erfahrne Rathgeber für die unerfahrne Jugend",Gebrauchsliteratur,Joachim Heinrich Campe,1783,http://d-nb.info/gnd/118518658,118518658,Joachim Heinrich Campe,Campe,Joachim Heinrich,Mann,29. Juni 1746,22. Oktober 1818,Deensen,9.58333,51.866669
nn_marcipan_1632,Jahrgedächtnis der Leipzigischen Schlacht: Leipzigischer Studenten-Marcipan,Gebrauchsliteratur,unknown,1632,NA,NA,NA,NA,NA,NA,NA,NA,NA,NA,NA
ramdohr_venus0301_1798,Venus Urania,Gebrauchsliteratur,Basilius von Ramdohr,1798,http://d-nb.info/gnd/119016753,119016753,Friedrich Wilhelm Basilius von Ramdohr,Ramdohr,Friedrich Wilhelm Basilius,Mann,1752,26. Juli 1822,Dörverden,9.23333,52.85
woyt_gazophylacium_1737,"Gazophylacium Medico-Physicum, Oder Schatz-Kammer, Medicinisch- und Natürlicher Dinge",Wissenschaft,Johann Jacob Woyt,1737,http://d-nb.info/gnd/12159355X,12159355X,Johann Jacob Woyt,Woyt,Johann Jacob,Mann,1671,1709,Elbing,19.40884,54.1522
riemann_teichbau_1798,Praktische Anweisung zum Teichbau,Gebrauchsliteratur,Johann Friedrich Riemann,1798,http://d-nb.info/gnd/100391222,100391222,Johann Friedrich Riemann,Riemann,Johann Friedrich,Mann,NA,NA,NA,NA,NA
zwinger_theatrum_1690,"Theatrvm Botanicvm, Das ist: Neu Vollkommenes Kräuter-Buch",Gebrauchsliteratur,Pietro Andrea Mattioli,1690,http://d-nb.info/gnd/118731912,118731912,Pietro Andrea Mattioli,Mattioli,Pietro Andrea,Mann,1501,1577,Siena,11.332829,43.320039
silesius_wandersmann_1675,Cherubinischer Wandersmann oder Geist-Reiche Sinn- und Schluß-Reime zur Göttlichen beschauligkeit anleitende,Belletristik,Angelus Silesius,1675,http://d-nb.info/gnd/118503111,118503111,"Angelus, Silesius","Angelus, Silesius",NA,Mann,25. Dezember 1624,9. Juli 1677,Breslau,17.033329,51.1
herder_humanitaet08_1796,Briefe zu Beförderung der Humanität,Wissenschaft,Johann Gottfried von Herder,1796,http://d-nb.info/gnd/118549553,118549553,Johann Gottfried von Herder,Herder,Johann Gottfried,Mann,25. August 1744,18. Dezember 1803,Mohrungen,19.92602,53.91711
rueckert_brahmane02_1837,Die Weisheit des Brahmanen,Belletristik,Friedrich Rückert,1837,http://d-nb.info/gnd/118603817,118603817,Friedrich Rückert,Rückert,Friedrich,Mann,16. Mai 1788,31. Januar 1866,Schweinfurt,10.22175,50.04937
bodmer_sammlung02_1741,"Sammlung Critischer, Poetischer, und andrer geistvollen Schriften",Belletristik,Johann Jacob Bodmer,1741,http://d-nb.info/gnd/118512315,118512315,Johann Jakob Bodmer,Bodmer,Johann Jakob,Mann,19. Juli 1698,2. Januar 1783,Greifensee (Ort),NA,NA
benner_herrnhuterey03_1748,Herrnhuterey in ihrer Schalkheit,Wissenschaft,Johann Hermann Benner,1748,http://d-nb.info/gnd/116121254,116121254,Johann Hermann Benner,Benner,Johann Hermann,Mann,15. Dezember 1699,8. Juli 1782,Gießen,8.65,50.583329
silesius_schlussrime_1657,Geistreiche Sinn- vnd Schlussrime,Belletristik,Angelus Silesius,1657,http://d-nb.info/gnd/118503111,118503111,"Angelus, Silesius","Angelus, Silesius",NA,Mann,25. Dezember 1624,9. Juli 1677,Breslau,17.033329,51.1
grimm_odenwald_1843,Die malerischen und romantischen Stellen des Odenwaldes,Gebrauchsliteratur,Albert Ludwig Grimm,1843,http://d-nb.info/gnd/119097850,119097850,Albert Ludwig Grimm,Grimm,Albert Ludwig,Mann,19. Juli 1786,1. Dezember 1872,Schluchtern,9.101666,49.146944
brockes_vergnuegen06_1740,"Jrdisches Vergnügen in Gott, bestehend in Physicalisch- und Moralischen Gedichten",Belletristik,Barthold Heinrich Brockes,1740,http://d-nb.info/gnd/118515586,118515586,Barthold Heinrich Brockes,Brockes,Barthold Heinrich,Mann,22. September 1680,16. Januar 1747,Hamburg,10,53.583329
dannhauer_catechismus11_1678,"Index Catecheticus, Oder Vollständiges und Außführliches Register über das herrliche gantze Werck der Catechismus-Milch",Gebrauchsliteratur,Johann Conrad Dannhauer,1678,http://d-nb.info/gnd/120227649,120227649,Johann Conrad Dannhauer,Dannhauer,Johann Conrad,Mann,24. März 1603,7. November 1666,Köndringen,7.806129,48.1394
caselius_leichpredigt_1649,Christliche Leich-Predigt über die thewre werthe Wort S. Pauli/ die Er uns in seiner ersten Epistel an Timotheum Cap. 1/ 12. seqq. hinterlassen hat,Gebrauchsliteratur,Martin Caselius,1649,http://d-nb.info/gnd/103141472,103141472,Martin Caselius,Caselius,Martin,Mann,8. November 1608,14. April 1656,Bergwitz,12.589539,51.794789
francois_reckenburgerin01_1871,Die letzte Reckenburgerin,Belletristik,Louise von François,1871,http://d-nb.info/gnd/118692577,118692577,Louise von François,François,Louise,Frau,27. Juni 1817,25. September 1893,Herzberg (Elster),NA,NA
zachariae_schriften05_1764,Poetische Schriften,Belletristik,Justus Friedrich Wilhelm Zachariae,1764,http://d-nb.info/gnd/118808230,118808230,Justus Friedrich Wilhelm Zachariae,Zachariae,Justus Friedrich Wilhelm,Mann,1. Mai 1726,30. Januar 1777,Bad Frankenhausen (Kyffhäuser),11.099769,51.35609
czepko_triumphbogen_1641,Triumph Bogen,Belletristik,Daniel von Czepko,1641,http://d-nb.info/gnd/118677640,118677640,Daniel von Czepko,Czepko,Daniel,NA,23. September 1605,9. September 1660,Koischwitz (Liegnitz),NA,NA
haller_anfangsgruende03_1766,Anfangsgründe der Phisiologie des menschlichen Körpers,Wissenschaft,Albrecht von Haller,1766,http://d-nb.info/gnd/118545140,118545140,Albrecht von Haller,Haller,Albrecht,Mann,16. Oktober 1708,12. Dezember 1777,Bern,7.447222,46.948055
bodmer_sammlung07_1743,"Sammlung Critischer, Poetischer, und anderer geistvollen Schriften",Belletristik,Johann Jacob Bodmer,1743,http://d-nb.info/gnd/118512315,118512315,Johann Jakob Bodmer,Bodmer,Johann Jakob,Mann,19. Juli 1698,2. Januar 1783,Greifensee (Ort),NA,NA
