No.,Date,Genre,Bibl,ContextBefore,Hit,ContextAfter,ContextAfter_emph,keep,sentence_dist,anaph,dist
2,1913-12-31,Gebrauchsliteratur,"Friedländer, Hugo: Die Vorgänge in der Provinzial-Arbeitsanstalt zu Brauweiler vor Gericht. In: ders., Interessante Kriminal-Prozesse, Berlin: Directmedia Publ. 2001 [1913], S. 3135",Ein,Mädchen,"habe ihr einmal erzählt, daß der Direktor es um die Ohren geschlagen habe.","habe ihr einmal erzählt, daß der Direktor <<ES>> um die Ohren geschlagen habe.",y,NA,es,7
3,1955-12-31,Gebrauchsliteratur,"Oheim, Gertrud: Einmaleins des guten Tons, Gütersloh: Bertelsmann 1957 [1955], S. 129","So, wie es etwa das junge",Mädchen,"tat, als es, von einem jungen Bekannten, der eben ein Examen bestanden hatte, in der Freude seines Herzens zum Essen eingeladen, ihn wenig später mit einem im Antiquariat zufällig entdeckten Buch beglückte, dessen Verlust er gesprächsweise sehr beklagt hatte.","tat, als es, von einem jungen Bekannten, der eben ein Examen bestanden hatte, in der Freude seines Herzens zum Essen eingeladen, ihn wenig später mit einem im Antiquariat zufällig entdeckten Buch beglückte, dessen Verlust er gesprächsweise sehr beklagt hatte.",y,NA,es,NA
5,1955-12-31,Gebrauchsliteratur,"Weber, Annemarie (Hg.), Die Hygiene der Schulbank, Wiesbaden: Falken-Verl. 1955, S. 385",In neunundneunzig von hundert Fällen wird die angehende Schwiegermutter entzückt sein von der Offenherzigkeit und vom Freimut eines,Mädchens,", das guten Willen beweist und nicht mehr ""scheinen"" möchte, als es ist.",", das guten Willen beweist und nicht mehr ""scheinen"" möchte, als <<ES>> ist.",y,NA,es,11
6,1901-12-31,Gebrauchsliteratur,"Baudissin, Wolf von u. Baudissin, Eva von: Spemanns goldenes Buch der Sitte. In: Zillig, Werner (Hg.), Gutes Benehmen, Berlin: Directmedia Publ. 2004 [1901], S. 1999",Ein,Mädchen,"fühlt bald heraus, wie weit es in seiner Vertraulichkeit gehen darf, und wird, wenn es auf Teilnahme stößt, gewiß nie etwas Unpassendes sagen oder erzählen.","fühlt bald heraus, wie weit <<ES>> in seiner Vertraulichkeit gehen darf, und wird, wenn <<ES>> auf Teilnahme stößt, gewiß nie etwas Unpassendes sagen oder erzählen.",y,NA,es,5
8,1930-12-31,Gebrauchsliteratur,"Schramm, Hermine [d.i. Meißner, Hermine]: Das richtige Benehmen in der Familie, in der Gesellschaft und im öffentlichen Leben. In: Zillig, Werner (Hg.) Gutes Benehmen, Berlin: Directmedia Publ. 2004 [1930], S. 13701",Ist das junge,Mädchen,"aus den Kinderschuhen heraus, so führt die Mutter es durch den Besuch bei Freunden, Verwandten und Bekannten als erwachsen ein.","aus den Kinderschuhen heraus, so führt die Mutter <<ES>> durch den Besuch bei Freunden, Verwandten und Bekannten als erwachsen ein.",y,NA,es,8
9,1957-12-31,Belletristik,"Andersch, Alfred: Sansibar oder der letzte Grund, Olten: Walter 1957 [1957], S. 101","Hör mal, sagte er, das",Mädchen,"kann tun, was es will, und wenn du nicht deine Schnauze hältst ...","kann tun, was <<ES>> will, und wenn du nicht deine Schnauze hältst ...",y,NA,es,3
11,1902-12-31,Belletristik,"Strauß, Emil: Freund Hein, Berlin: S. Fischer 1907 [1902], S. 42","Heiners Mutter, die vorn im Haus war, jagte voll Schrecken und Angst die Haupttreppe hinab, fand das",Mädchen,"immer noch blind weitertobend und schreiend, beugte sich besorgt nieder und ergriff es; da schrie es erst recht gell hinaus und wollte sich ungebärdig freimachen, denn es befürchtete wie zu Hause eine gehörige Tracht Prügel, und erst, als es die gütige Stimme hörte:","immer noch blind weitertobend und schreiend, beugte sich besorgt nieder und ergriff es; da schrie <<ES>> erst recht gell hinaus und wollte sich ungebärdig freimachen, denn <<ES>> befürchtete wie zu Hause eine gehörige Tracht Prügel, und erst, als <<ES>> die gütige Stimme hörte:",y,NA,es,15
12,1937-12-31,Belletristik,"Klepper, Jochen: Der Vater, Gütersloh: Bertelsmann 1962 [1937], S. 216",Das,Mädchen,"schämte sich, verdächtigt zu haben, ohne beweisen zu können; es schämte sich auch, soviel Angst um den König verraten zu haben.","schämte sich, verdächtigt zu haben, ohne beweisen zu können; <<ES>> schämte sich auch, soviel Angst um den König verraten zu haben.",y,NA,es,9
13,1902-12-31,Gebrauchsliteratur,"Stettenheim, Julius: Der moderne Knigge. In: Zillig, Werner (Hg.) Gutes Benehmen, Berlin: Directmedia Publ. 2004 [1902], S. 15241",Trifft man im Spielsaal ein hübsches junges,Mädchen,", welche die Augen niederschlägt und errötet, wenn man es bezaubert anschaut, so ist die ganze Geschichte nicht wahr.",", welche die Augen niederschlägt und errötet, wenn man <<ES>> bezaubert anschaut, so ist die ganze Geschichte nicht wahr.",y,NA,es,9
14,1910-12-31,Gebrauchsliteratur,"Friedländer, Hugo: Der Prozeß gegen den Bankier August Sternberg wegen Sittlichkeitsverbrechen. In: ders., Interessante Kriminal-Prozesse, Berlin: Directmedia Publ. 2001 [1910], S. 796",Er habe damals dem,Mädchen,"nicht geglaubt, sondern direkt den Eindruck gehabt, als ob es stark gelogen habe.","nicht geglaubt, sondern direkt den Eindruck gehabt, als ob <<ES>> stark gelogen habe.",y,NA,es,9
17,1917-12-31,Belletristik,"Kolbenheyer, Erwin Guido: Paracelsus, München: J. F. Lehmanns 1964 [1917], S. 216",Seit das,Mädchen,"wußte, daß es gesegneten Leibes sei, lag sie ihm mit fragenden Blicken an.","wußte, daß <<ES>> gesegneten Leibes sei, lag sie ihm mit fragenden Blicken an.",y,NA,es,2
19,1980-12-31,Belletristik,"Merian, Svende: Der Tod des Märchenprinzen, Hamburg: Buntbuch-Verl. 1980 [1980], S. 137",Ich bin kein kleines,Mädchen,"mehr, das losheult, wenn mann es mit Gefühllosigkeit vor den Kopf stößt.","mehr, das losheult, wenn mann <<ES>> mit Gefühllosigkeit vor den Kopf stößt.",y,NA,es,5
22,1936-01-01,Gebrauchsliteratur,"Franken, Konstanze von [d.i. Stoekl, Helene]: Handbuch des guten Tones, Berlin: Hesse 1936, S. 23",Ein junges,Mädchen,"soll sich nicht selbständig in die Unterhaltung mischen, sondern nur antworten, wenn es gefragt wird.","soll sich nicht selbständig in die Unterhaltung mischen, sondern nur antworten, wenn <<ES>> gefragt wird.",y,NA,es,12
23,1937-12-31,Gebrauchsliteratur,"Bodenreuth, Friedrich [d.i. Jaksch, Friedrich]: Alle Wasser Böhmens fließen nach Deutschland, Berlin: Büchergilde Gutenberg 1938 [1937], S. 292",Das,Mädchen,"merkte beglückt, daß es wieder zu lächeln vermöge.","merkte beglückt, daß <<ES>> wieder zu lächeln vermöge.",y,NA,es,3
24,1911-03-03,Zeitung,"Berliner Tageblatt (Abend-Ausgabe), 03.03.1911",Das,Mädchen,"gibt auch die Möglichkeit zu, daß unter den Personen, die es in das Haus hineingelassen hat, sich Griehl befunden hat.","gibt auch die Möglichkeit zu, daß unter den Personen, die <<ES>> in das Haus hineingelassen hat, sich Griehl befunden hat.",y,NA,es,10
26,1901-12-31,Gebrauchsliteratur,"Baudissin, Wolf von u. Baudissin, Eva von: Spemanns goldenes Buch der Sitte. In: Zillig, Werner (Hg.), Gutes Benehmen, Berlin: Directmedia Publ. 2004 [1901], S. 2382","»Sagen Sie den Herrschaften, ich wäre nicht zu Hause« erfüllt nur dann ihren Zweck, wenn das",Mädchen,"sich dieses Auftrages nicht in der Weise entledigt, daß es sagt: »Die Gnädige läßt sagen, sie wäre eben ausgegangen.«","sich dieses Auftrages nicht in der Weise entledigt, daß <<ES>> sagt: »Die Gnädige läßt sagen, sie wäre eben ausgegangen.«",y,NA,es,9
27,1908-12-31,Gebrauchsliteratur,"o. A. [Tante Lisbeth]: Anstandsbüchlein für junge Mädchen. In: Zillig, Werner (Hg.) Gutes Benehmen, Berlin: Directmedia Publ. 2004 [1908], S. 11119",Ein junges,Mädchen,"grüßt zuerst, wenn es einer Dame begegnet.","grüßt zuerst, wenn <<ES>> einer Dame begegnet.",y,NA,es,3
28,1909-01-01,Wissenschaft,"Braun, Lily: Memoiren einer Sozialistin. In: Lehmstedt, Mark (Hg.) Deutsche Literatur von Frauen, Berlin: Directmedia Publ. 2001 [1909], S. 9891",Ein,Mädchen,"darf, solange es minorenn ist, ohne die Einwilligung ihres Vaters nicht heiraten, aber es darf sich preisgeben, ohne daß sein Vater es daran hindern kann.","darf, solange <<ES>> minorenn ist, ohne die Einwilligung ihres Vaters nicht heiraten, aber <<ES>> darf sich preisgeben, ohne daß sein Vater <<ES>> daran hindern kann.",y,NA,es,2
29,1911-12-31,Belletristik,"Meisel-Hess, Grete: Die Intellektuellen. In: Deutsche Literatur von Frauen, Berlin: Directmedia Publ. 2001 [1911], S. 48568",»Ein,Mädchen,", - und es lebt.«",", - und <<ES>> lebt.«",y,NA,es,3
38,1912-12-31,Belletristik,"Christ, Lena: Erinnerungen einer Überflüssigen. In: Deutsche Literatur von Frauen, Berlin: Directmedia Publ. 2001 [1912], S. 12619","Unter diesen bedauernswerten Geschöpfen war besonders eines, das mich lebhaft anzog, ein ungefähr zwölfjähriges",Mädchen,", welches, da es aus sehr vornehmer Familie stammte, bei uns Kandidatinnen Aufnahme fand, obschon es eigentlich auch in die Abteilung jener Armen gehörte, für die niemand zahlte.",", welches, da <<ES>> aus sehr vornehmer Familie stammte, bei uns Kandidatinnen Aufnahme fand, obschon <<ES>> eigentlich auch in die Abteilung jener Armen gehörte, für die niemand zahlte.",y,NA,es,3
42,1914-12-31,Belletristik,"Huch, Ricarda: Der Dreißigjährige Krieg, Wiesbaden: Insel-Verl. 1958 [1914], S. 671","Am Brunnen bei der Kreuzkirche habe er sich zuerst gezeigt, da habe gerade ein kleines",Mädchen,"Wasser geschöpft, und wie es den alten Mann gesehen habe, müde am Brunnenrand lehnend, habe es ihm mitleidig den gemeinen Becher voll Wasser hingereicht.","Wasser geschöpft, und wie <<ES>> den alten Mann gesehen habe, müde am Brunnenrand lehnend, habe <<ES>> ihm mitleidig den gemeinen Becher voll Wasser hingereicht.",y,NA,es,4
45,1950-12-31,Belletristik,"Horster, Hans-Ulrich [d.i. Rhein, Eduard]: Ein Herz spielt falsch, Köln: Lingen 1991 [1950], S. 188",Mit sanfter Gewalt führt Sibylla das junge,Mädchen,wieder zum Sessel und drückt es darauf nieder.,wieder zum Sessel und drückt <<ES>> darauf nieder.,y,NA,es,5
55,1935-12-31,Belletristik,"Flake, Otto: Scherzo. In: ders., Lichtenthaler Allee, Gütersloh: Mohn 1965 [1935], S. 349",">Ja, der Fürst hat sich vorgewagt, und als ich ihn ein bißchen ermutigte, trug er mir seinen Namen an; er fragte mich, ob er mit Lisbet sprechen dürfe, und da ich es ihm nicht untersagte, bin ich nun mit ihm verlobt; denk von dem",Mädchen,"Georgis, was Du willst, ganz häßlich darfst Du denken, aber verlobt ist es nun einmal und bittet Dich, es zu vergessen.<","Georgis, was Du willst, ganz häßlich darfst Du denken, aber verlobt ist <<ES>> nun einmal und bittet Dich, <<ES>> zu vergessen.<",y,NA,es,12
56,1912-12-31,Belletristik,"Christ, Lena: Erinnerungen einer Überflüssigen. In: Deutsche Literatur von Frauen, Berlin: Directmedia Publ. 2001 [1912], S. 12619","Unter diesen bedauernswerten Geschöpfen war besonders eines, das mich lebhaft anzog, ein ungefähr zwölfjähriges",Mädchen,", welches, da es aus sehr vornehmer Familie stammte, bei uns Kandidatinnen Aufnahme fand, obschon es eigentlich auch in die Abteilung jener Armen gehörte, für die niemand zahlte.",", welches, da <<ES>> aus sehr vornehmer Familie stammte, bei uns Kandidatinnen Aufnahme fand, obschon <<ES>> eigentlich auch in die Abteilung jener Armen gehörte, für die niemand zahlte.",y,NA,es,3
59,1914-12-31,Belletristik,"Huch, Ricarda: Der Dreißigjährige Krieg, Wiesbaden: Insel-Verl. 1958 [1914], S. 257","Sie hatte unterdessen neuen Stoff zum Beweise zusammengebracht: namentlich sollte die Kepler ein zehnjähriges Mädchen am Arme gefaßt haben und sollte dieser Arm lahm geworden sein, so daß das Kind ihn wochenlang nicht hätte gebrauchen können, und ferner sollte die Keplerin ein vierzehnjähriges",Mädchen,"das Zaubern haben lehren wollen, dem sei es aber bange geworden, so daß es ihr unter Vorwänden entschlüpft wäre.","das Zaubern haben lehren wollen, dem sei es aber bange geworden, so daß <<ES>> ihr unter Vorwänden entschlüpft wäre.",y,NA,es,13
60,1977-12-31,Belletristik,"Hilsenrath, Edgar: Der Nazi & der Friseur, Köln: Literar. Verl. Braun 1977, S. 89",Frau Holle blickte sich nach dem kleinen,Mädchen,"um, konnte es aber nicht mehr sehen.","um, konnte <<ES>> aber nicht mehr sehen.",y,NA,es,2
62,1908-03-05,Zeitung,"Vossische Zeitung (Morgen-Ausgabe), 05.03.1908",Als dem,Mädchen,"darüber Vorhaltungen gemacht wurden, hat es zunächst bestritten, dann aber zugegeben, daß es aus Anlaß seines Geburtstages einen Bekannten empfangen habe.","darüber Vorhaltungen gemacht wurden, hat <<ES>> zunächst bestritten, dann aber zugegeben, daß <<ES>> aus Anlaß seines Geburtstages einen Bekannten empfangen habe.",y,NA,es,5
64,1955-12-31,Gebrauchsliteratur,"Weber, Annemarie (Hg.), Die Hygiene der Schulbank, Wiesbaden: Falken-Verl. 1955, S. 316","Da kommt, beispielsweise ein",Mädchen,"im Alter von sechs Jahren und erklärt, daß es nun wisse, wie die kleinen Kinder entstehen, ""Nun, dann sage doch einmal, was du weißt"", ist unsere Antwort.","im Alter von sechs Jahren und erklärt, daß <<ES>> nun wisse, wie die kleinen Kinder entstehen, ""Nun, dann sage doch einmal, was du weißt"", ist unsere Antwort.",y,NA,es,8
69,1983-12-31,Gebrauchsliteratur,"Wölfl, Norbert: Die wiedergefundene Zärtlichkeit, Genf u. a.: Ariston 1995 [1983], S. 271",In einer zärtlichen Anwandlung streichelt der Mann das,Mädchen,", will es tröstend in den Arm nehmen.",", will <<ES>> tröstend in den Arm nehmen.",y,NA,es,2
70,1926-12-31,Belletristik,"Grimm, Hans: Volk ohne Raum, München: Langen 1932 [1926], S. 1030","Sie gingen beide ein wenig suchend und beklommen hinein in die alte Kirche der Mönche, das",Mädchen,", weil es wie jene frühen Menschen irgend etwas sehnsüchtig hoffte und erwartete, und der Mann, weil er sich von Jugend her zu erinnern meinte, es geschähe in diesem Raume eine Enttäuschung, welche, das wußte er selber nicht deutlich.",", weil <<ES>> wie jene frühen Menschen irgend etwas sehnsüchtig hoffte und erwartete, und der Mann, weil er sich von Jugend her zu erinnern meinte, <<ES>> geschähe in diesem Raume eine Enttäuschung, welche, das wußte er selber nicht deutlich.",y,NA,es,2
74,1911-03-03,Zeitung,"Berliner Tageblatt (Abend-Ausgabe), 03.03.1911",Die Aussage der kleinen Miska unterstützt auch die Darstellung der Frau aus dem Hinterhause; denn das,Mädchen,"sagt, es habe zwar Griehl nicht aus- oder eingelassen, wohl aber habe es einmal auf dem Treppenaufgang einen Mann gesehen, von dem es glaube, daß es Griehl gewesen sei.","sagt, <<ES>> habe zwar Griehl nicht aus- oder eingelassen, wohl aber habe <<ES>> einmal auf dem Treppenaufgang einen Mann gesehen, von dem <<ES>> glaube, daß <<ES>> Griehl gewesen sei.",y,NA,es,1
78,1943-12-31,Belletristik,"Weismantel, Leo: Die höllische Trinität, Berlin: Union-Verl.1966 [1943], S. 128",Dies kleine,Mädchen,", das Mariele hieß, faßte alsogleich zu Meister Mathis, sobald es ihn nur sah, eine tiefe Neigung, und während die Männer berieten, saß das Kind stumm und glücklich dabei und faßte gerne des Meisters Mathis Hand und hielt sie in seinem Schoß gebettet.",", das Mariele hieß, faßte alsogleich zu Meister Mathis, sobald <<ES>> ihn nur sah, eine tiefe Neigung, und während die Männer berieten, saß das Kind stumm und glücklich dabei und faßte gerne des Meisters Mathis Hand und hielt sie in seinem Schoß gebettet.",y,NA,es,10
82,1965-12-31,Belletristik,"Kant, Hermann: Die Aula, Berlin: Rütten & Loening 1965, S. 46",Das,Mädchen,"sah Robert lange an. dann sagte es böse: "" Man kann es so nennen, Herr Elektriker, andere nennen es nicht so, aber ich nenne es so.","sah Robert lange an. dann sagte <<ES>> böse: "" Man kann <<ES>> so nennen, Herr Elektriker, andere nennen <<ES>> nicht so, aber ich nenne <<ES>> so.",y,NA,es,6
85,1919-12-31,Belletristik,"Stucken, Eduard: Die weißen Götter, Stuttgart: Stuttgarter Hausbücherei [1960] [1919], S. 171",Sie zogen das vermeintliche,Mädchen,"aus dem Wasser, trugen es ans Ufer, betteten es am Uferrand hin.","aus dem Wasser, trugen <<ES>> ans Ufer, betteten <<ES>> am Uferrand hin.",y,NA,es,4
88,1913-12-31,Gebrauchsliteratur,"Friedländer, Hugo: Die Vorgänge in der Provinzial-Arbeitsanstalt zu Brauweiler vor Gericht. In: ders., Interessante Kriminal-Prozesse, Berlin: Directmedia Publ. 2001 [1913], S. 3059",Das,Mädchen,"sei aber erst ins Lazarett gekommen, nachdem es sich mehrere Male erbrochen hatte.","sei aber erst ins Lazarett gekommen, nachdem <<ES>> sich mehrere Male erbrochen hatte.",y,NA,es,7
91,1901-12-31,Gebrauchsliteratur,"Gerling, Reinhold: Was muß man vor der Ehe von der Ehe wissen? In: ders., Das große Aufklärungswerk für Braut- und Eheleute, Dresden: Buchversand Gutenberg 1933 [1901], S. 250",Niemals aber wird ein,Mädchen,", das von Hand zu Hand gewandert ist, einem Manne die Treue halten, selten wird es eine gute Mutter sein können; jedenfalls aber besteht die Gefahr, daß die Sinnlichkeit oder richtiger der Leichtsinn der Mutter auch ihren Kindern anhängen wird, und leider findet man heutzutage die Prostitution nicht nur auf der Straße, sondern oftmals auch in Familien, in denen man sie am wenigsten vermutet.",", das von Hand zu Hand gewandert ist, einem Manne die Treue halten, selten wird <<ES>> eine gute Mutter sein können; jedenfalls aber besteht die Gefahr, daß die Sinnlichkeit oder richtiger der Leichtsinn der Mutter auch ihren Kindern anhängen wird, und leider findet man heutzutage die Prostitution nicht nur auf der Straße, sondern oftmals auch in Familien, in denen man sie am wenigsten vermutet.",y,NA,es,15
100,1957-12-31,Belletristik,"Andersch, Alfred: Sansibar oder der letzte Grund, Olten: Walter 1957 [1957], S. 83",Er wäre am liebsten zu dem,Mädchen,"hinübergegangen, das jetzt am Rand des Lichtkreises stand, und hätte es darüber aufgeklärt, daß Rerik ein schlechter Platz war, um wegzukommen.","hinübergegangen, das jetzt am Rand des Lichtkreises stand, und hätte <<ES>> darüber aufgeklärt, daß Rerik ein schlechter Platz war, um wegzukommen.",y,NA,es,10
101,1914-03-01,Zeitung,"Vossische Zeitung (Morgen-Ausgabe), 01.03.1914",Das,Mädchen,"zitterte, als es uns kommen sah.","zitterte, als <<ES>> uns kommen sah.",y,NA,es,2
102,1949-12-31,Belletristik,"Niebelschütz, Wolf von: Der blaue Kammerherr, Stuttgart u. a.: Dt. Bücherbund [1991] [1949], S. 192",»Rette uns!« schrie ein ausgemergeltes,Mädchen,", »Rette uns!« schrie es rings um die Sänfte, man hatte den Grund unter den Füßen verloren, das Ende der Welt stand bevor, da wollte man noch einmal an die Hoffnung sich klammern, säße sie auch noch so schwermütig, noch so einsam in ihrem schwarzen Coupé.",", »Rette uns!« schrie <<ES>> rings um die Sänfte, man hatte den Grund unter den Füßen verloren, das Ende der Welt stand bevor, da wollte man noch einmal an die Hoffnung sich klammern, säße sie auch noch so schwermütig, noch so einsam in ihrem schwarzen Coupé.",y,NA,es,4
105,1938-12-31,Gebrauchsliteratur,"Haluschka, Helene: Noch guter Ton? In: Zillig, Werner (Hg.) Gutes Benehmen, Berlin: Directmedia Publ. 2004 [1938], S. 8177",Ist das,Mädchen,"minderjährig, so hat der Dienstgeber gewiß Verantwortung zu tragen und das Recht, sich darum zu kümmern, wie es seine freie Zeit anwendet.","minderjährig, so hat der Dienstgeber gewiß Verantwortung zu tragen und das Recht, sich darum zu kümmern, wie <<ES>> seine freie Zeit anwendet.",y,NA,es,17
114,1918-12-31,Belletristik,"Stehr, Hermann: Der Heiligenhof, München: List 1952 [1918], S. 216","Wildheiten brachen aus ihr hervor, mit denen sie von dem Meixner-Gottlieb einst angesteckt worden war, und als das Fräulein in einem solchen seelischen Fieberstoß das",Mädchen,"von ihrem Tollen wieder zu Verstand bringen wollte, biß es sie unversehens in die Hand wie eine Wildkatze und lief lachend davon.","von ihrem Tollen wieder zu Verstand bringen wollte, biß <<ES>> sie unversehens in die Hand wie eine Wildkatze und lief lachend davon.",y,NA,es,9
115,1943-12-31,Gebrauchsliteratur,"Kriegk, Otto: Der deutsche Film im Spiegel der Ufa, Berlin: Ufa-Buchverl. 1943, S. 224",Denn im Laufe des Films wird das bewußte,Mädchen,"nach Ausweis der Umgebung, in der es gezeigt wird, immer reicher.","nach Ausweis der Umgebung, in der <<ES>> gezeigt wird, immer reicher.",y,NA,es,6
116,1910-12-31,Gebrauchsliteratur,"Friedländer, Hugo: Der Prozeß gegen den Bankier August Sternberg wegen Sittlichkeitsverbrechen. In: ders., Interessante Kriminal-Prozesse, Berlin: Directmedia Publ. 2001 [1910], S. 761",Bei verschiedenen Punkten erklärte das,Mädchen,", daß es sich auf die Dinge nicht mehr erinnere.",", daß <<ES>> sich auf die Dinge nicht mehr erinnere.",y,NA,es,2
119,1907-12-31,Belletristik,"Thoma, Ludwig: Tante Frieda. In: ders., Lausbubengeschichten, Frankfurt a. M.: Büchergilde Gutenberg 1961 [1907], S. 234","Ich habe gesagt, kein",Mädchen,"bleibt bei ihrem Papa, wenn es heiratet, sondern es fahrt mit der Eisenbahn fort, und die Mädchen tun bloß so, als ob sie bei dem Papa bleiben mögen, aber sie sind doch froh, daß sie fortfahren dürfen, wenn die Hochzeit vorbei ist.","bleibt bei ihrem Papa, wenn <<ES>> heiratet, sondern <<ES>> fahrt mit der Eisenbahn fort, und die Mädchen tun bloß so, als ob sie bei dem Papa bleiben mögen, aber sie sind doch froh, daß sie fortfahren dürfen, wenn die Hochzeit vorbei ist.",y,NA,es,5
121,1908-12-31,Belletristik,"Altenberg, Peter: Märchen des Lebens. In: Deutsche Literatur von Lessing bis Kafka, Berlin: Directmedia Publ. 2000 [1908], S. 1277","Aber in ihrem feurigen Eifer spielten sie dennoch wie ausschließlich zu eigenem Vergnügen, achteten nicht der Beifallsstürme, postierten das junge",Mädchen,", wo es leichtere Arbeit hatte, und als sie selbst hier etwas versah, ging einer hin und küßte sie beruhigend auf die Wange.",", wo <<ES>> leichtere Arbeit hatte, und als sie selbst hier etwas versah, ging einer hin und küßte sie beruhigend auf die Wange.",y,NA,es,2
122,1912-12-31,Gebrauchsliteratur,"Friedländer, Hugo: Ein Dompropst vor Gericht. In: ders., Interessante Kriminal-Prozesse, Berlin: Directmedia Publ. 2001 [1912], S. 2178",Vors.: Ist Ihre Tochter ein schlechtes,Mädchen,", so daß man annehmen kann, es habe sich mit Jungen umhergetrieben?",", so daß man annehmen kann, <<ES>> habe sich mit Jungen umhergetrieben?",y,NA,es,6
123,1916-12-31,Gebrauchsliteratur,"Hoppeler, Hans: Woher die Kindlein kommen, Zürich: Orell Füssli 1919 [1916], S. 27","Nun braucht Ihr nicht mehr die Köpfe zu strecken, wenn ein Bub in der Schulpause ganz leise vom Werden der Kindlein berichtet, oder wenn ein",Mädchen,"auf dem Heimwege meldet, es wolle Euch etwas sagen, aber kein Mensch dürfe es wissen - und dann erzählt es, wie die Kinder geboren werden.","auf dem Heimwege meldet, <<ES>> wolle Euch etwas sagen, aber kein Mensch dürfe <<ES>> wissen - und dann erzählt es, wie die Kinder geboren werden.",y,NA,es,4
126,1946-12-31,Belletristik,"Langgässer, Elisabeth: Das unauslöschliche Siegel, Hamburg: Claassen 1959 [1946], S. 266",»Zwar ist das,Mädchen,"ganz unzuverlässig und scheint bereits geschlafen zu haben, bevor es zum Apparat kam, denn es fragte nur, wie und was.«","ganz unzuverlässig und scheint bereits geschlafen zu haben, bevor <<ES>> zum Apparat kam, denn <<ES>> fragte nur, wie und was.«",y,NA,es,9
130,1902-12-31,Belletristik,"Strauß, Emil: Freund Hein, Berlin: S. Fischer 1907 [1902], S. 42","Heiners Mutter, die vorn im Haus war, jagte voll Schrecken und Angst die Haupttreppe hinab, fand das",Mädchen,"immer noch blind weitertobend und schreiend, beugte sich besorgt nieder und ergriff es; da schrie es erst recht gell hinaus und wollte sich ungebärdig freimachen, denn es befürchtete wie zu Hause eine gehörige Tracht Prügel, und erst, als es die gütige Stimme hörte:","immer noch blind weitertobend und schreiend, beugte sich besorgt nieder und ergriff es; da schrie <<ES>> erst recht gell hinaus und wollte sich ungebärdig freimachen, denn <<ES>> befürchtete wie zu Hause eine gehörige Tracht Prügel, und erst, als <<ES>> die gütige Stimme hörte:",y,NA,es,15
132,1913-03-02,Zeitung,"Berliner Tageblatt (Abend-Ausgabe), 02.03.1913",Er war nicht der Erste; damit hatte er das schöne,Mädchen,"verloren gehabt, ehe er es besaß.","verloren gehabt, ehe er <<ES>> besaß.",y,NA,es,4
133,1912-03-02,Zeitung,"Vossische Zeitung (Morgen-Ausgabe), 02.03.1912","Er hat gesagt, er würde eine Wohnung in St. Germain mieten, und das",Mädchen,"der Zeugin gefragt, ob es event. mit nach Paris gehen würde.","der Zeugin gefragt, ob <<ES>> event. mit nach Paris gehen würde.",y,NA,es,4
135,1918-12-31,Belletristik,"Stehr, Hermann: Der Heiligenhof, München: List 1952 [1918], S. 33","Als er bei der Wiege angekommen war, erhob sich die Bäuerin, nahm das",Mädchen,"aus der Wiege und legte es ihm in die Arme, und Andreas redete mit einer so weichen Stimme zu dem Kinde, daß es seine blicklosen Augen öffnete und das erstemal lächelnd nach seinem Gesicht langte.","aus der Wiege und legte <<ES>> ihm in die Arme, und Andreas redete mit einer so weichen Stimme zu dem Kinde, daß <<ES>> seine blicklosen Augen öffnete und das erstemal lächelnd nach seinem Gesicht langte.",y,NA,es,5
137,1983-12-31,Belletristik,"Strittmatter, Erwin: Der Laden, Berlin: Aufbau-Verl. 1983, S. 400","Da ich, wie es noch heute meine Art ist, starrte und starrte, redete mich das",Mädchen,"an, und die Vertraulichkeit, mit der es auf mich zukam, bewirkte, daß ich es für das schönste Mädchen hielt, das ich je gesehen hatte, und diese rasche und freudige Hinwendung zu Menschen, die mir vertrauensvoll entgegenkommen und ein Geschwätz mit mir eröffnen, ist mir geblieben bis auf den heutigen Tag.","an, und die Vertraulichkeit, mit der <<ES>> auf mich zukam, bewirkte, daß ich <<ES>> für das schönste Mädchen hielt, das ich je gesehen hatte, und diese rasche und freudige Hinwendung zu Menschen, die mir vertrauensvoll entgegenkommen und ein Geschwätz mit mir eröffnen, ist mir geblieben bis auf den heutigen Tag.",y,NA,es,6
140,1998-12-31,Wissenschaft,"Fath, Rolf: Rollen - M. In: Reclams Opernlexikon, Berlin: Directmedia Publ. 2001 [1998], S. 12086",Wilhelm Meister befreit das,Mädchen,", indem er es den Zigeunern abkauft.",", indem er <<ES>> den Zigeunern abkauft.",y,NA,es,3
142,1911-12-31,Gebrauchsliteratur,"Friedländer, Hugo: Die Ermordung der achtjährigen Lucie Berlin. In: ders., Interessante Kriminal-Prozesse, Berlin: Directmedia Publ. 2001 [1911], S. 1373","Ist es nicht möglich, daß das Mädchen, dem der Angeklagte den Korb geschenkt, einen Freier gefunden hat, der mit dem",Mädchen,"in eine Weinstube gegangen ist und es aufgefordert hat, den Korb ins Wasser zu werfen.","in eine Weinstube gegangen ist und <<ES>> aufgefordert hat, den Korb ins Wasser zu werfen.",y,NA,es,6
154,1964-12-31,Belletristik,"Neutsch, Erik: Spur der Steine, Halle: Mitteldeutscher Verl. 1964 [1964], S. 294","In der Gemäldegalerie hielten sich zu dieser späten Stunde nur noch wenige Besucher auf, sie hatten es eilig und achteten nicht darauf, wie das",Mädchen,"zögerte, als es an der Sixtinischen Madonna vorüberschritt, wie es bald wieder dahin zurückkehrte, bevor es die Abteilungen mit den Flamen und Holländern, den Franzosen, Spaniern und den Modernen besichtigte.","zögerte, als <<ES>> an der Sixtinischen Madonna vorüberschritt, wie <<ES>> bald wieder dahin zurückkehrte, bevor <<ES>> die Abteilungen mit den Flamen und Holländern, den Franzosen, Spaniern und den Modernen besichtigte.",y,NA,es,2
155,1910-12-31,Gebrauchsliteratur,"Friedländer, Hugo: Der Prozeß gegen den Bankier August Sternberg wegen Sittlichkeitsverbrechen. In: ders., Interessante Kriminal-Prozesse, Berlin: Directmedia Publ. 2001 [1910], S. 796",Das,Mädchen,"blieb dabei, daß es früher die Unwahrheit gesagt habe.","blieb dabei, daß <<ES>> früher die Unwahrheit gesagt habe.",y,NA,es,3
158,1950-12-31,Belletristik,"Horster, Hans-Ulrich [d.i. Rhein, Eduard]: Ein Herz spielt falsch, Köln: Lingen 1991 [1950], S. 134",Kersten blickt dem,Mädchen,"durch die Ladenscheibe nach, wie es mit staksigen Schritten davongeht.","durch die Ladenscheibe nach, wie <<ES>> mit staksigen Schritten davongeht.",y,NA,es,5
161,1901-12-31,Gebrauchsliteratur,"Gerling, Reinhold: Was muß man vor der Ehe von der Ehe wissen? In: ders., Das große Aufklärungswerk für Braut- und Eheleute, Dresden: Buchversand Gutenberg 1933 [1901], S. 250",Ist ein,Mädchen,"das Opfer eines Verführers geworden, so ist es darum keineswegs ausgeschlossen, daß es einem anderen Gatten ein treues, liebendes Weib, eine musterhafte Hausfrau und brave Lebensgefährtin sein kann.","das Opfer eines Verführers geworden, so ist es darum keineswegs ausgeschlossen, daß <<ES>> einem anderen Gatten ein treues, liebendes Weib, eine musterhafte Hausfrau und brave Lebensgefährtin sein kann.",y,NA,es,12
164,1908-12-31,Gebrauchsliteratur,"o. A. [Tante Lisbeth]: Anstandsbüchlein für junge Mädchen. In: Zillig, Werner (Hg.) Gutes Benehmen, Berlin: Directmedia Publ. 2004 [1908], S. 11114","Ein anderer Besuch, den ein junges",Mädchen,"zu machen hat, ist der Entschuldigungsbesuch, wenn es einer erhaltenen Einladung nicht Folge leisten konnte.","zu machen hat, ist der Entschuldigungsbesuch, wenn <<ES>> einer erhaltenen Einladung nicht Folge leisten konnte.",y,NA,es,7
166,1936-12-20,Gebrauchsliteratur,"Magazin der Hausfrau, 20.12.1936",Das,Mädchen,"geht in sein Zimmer oder in die Küche zurück, Sehnsucht im Herzen nach der eigenen Familie, nach Freundinnen oder Bräutigam, oder es muß arbeiten, das Festessen schafft gar noch besonders viel Mühe und niemand bemerkt, daß ein menschliches Wesen traurig ist, wo alle andern froh sind.","geht in sein Zimmer oder in die Küche zurück, Sehnsucht im Herzen nach der eigenen Familie, nach Freundinnen oder Bräutigam, oder <<ES>> muß arbeiten, das Festessen schafft gar noch besonders viel Mühe und niemand bemerkt, daß ein menschliches Wesen traurig ist, wo alle andern froh sind.",y,NA,es,21
175,1959-12-31,Belletristik,"Böll, Heinrich: Billard um halb zehn, Leipzig: Insel-Verl. 1961 [1959], S. 302","Sie drückte sich noch einmal um die Ecke, ein",Mädchen,"mit einem Freßkorb trat ins Druckereitor; gleichfalls blickte es auf seine flache Hand; >Verfluchter Schuft von Portier!< dachte Leonore, >das werd ich Herrn Fähmel aber sagen.<","mit einem Freßkorb trat ins Druckereitor; gleichfalls blickte <<ES>> auf seine flache Hand; >Verfluchter Schuft von Portier!< dachte Leonore, >das werd ich Herrn Fähmel aber sagen.<",y,1,es,8
179,1904-12-31,Zeitung,"Die Fackel [Elektronische Ressource], 2002 [1904]",Daraufhin wurden der Direktor und sein Agent als Zeugen vor das Schwurgericht geladen; das,Mädchen,"durchschaute aber den Schwindel und erzählte den Geschworenen, wie es in eine Falle gelockt worden sei; der Agent gab dies zu. –","durchschaute aber den Schwindel und erzählte den Geschworenen, wie <<ES>> in eine Falle gelockt worden sei; der Agent gab dies zu. –",y,NA,es,9
181,1901-12-31,Gebrauchsliteratur,"Baudissin, Wolf von u. Baudissin, Eva von: Spemanns goldenes Buch der Sitte. In: Zillig, Werner (Hg.), Gutes Benehmen, Berlin: Directmedia Publ. 2004 [1901], S. 1999",Deshalb soll man dem,Mädchen,"auch nicht sofort den Mund verbieten oder es durch kühle Worte zurückweisen, wenn es bei Gelegenheit, vielleicht bei einer gemeinsamen Arbeit, einmal über seine Familie und Verwandtschaft spricht.","auch nicht sofort den Mund verbieten oder <<ES>> durch kühle Worte zurückweisen, wenn <<ES>> bei Gelegenheit, vielleicht bei einer gemeinsamen Arbeit, einmal über seine Familie und Verwandtschaft spricht.",y,NA,es,7
185,1914-12-31,Belletristik,"Huch, Ricarda: Der Dreißigjährige Krieg, Wiesbaden: Insel-Verl. 1958 [1914], S. 85","Nun erreichte Don Giulio seinen Willen; denn die furchtsame Mutter glaubte durch Nachgiebigkeit Gnade für ihren Mann erkaufen zu müssen, und das",Mädchen,"vermochte, wiewohl es sich entsetzte und verloren gab, keinen Widerstand zu leisten.","vermochte, wiewohl <<ES>> sich entsetzte und verloren gab, keinen Widerstand zu leisten.",y,NA,es,2
186,1920-12-31,Belletristik,"Schaeffer, Albrecht: Helianth I, Bonn: Weidle 1995 [1920], S. 412",Das,Mädchen,"drängte sich an seiner anderen Seite unter seine Achsel, und er hörte es flüstern, daß sie nun fortmüsse, zu anderen Gästen, er möchte nicht böse sein, ob er sie morgen treffen wolle, und er nickte beständig dazu.","drängte sich an seiner anderen Seite unter seine Achsel, und er hörte <<ES>> flüstern, daß sie nun fortmüsse, zu anderen Gästen, er möchte nicht böse sein, ob er sie morgen treffen wolle, und er nickte beständig dazu.",y,NA,es,12
189,1970-12-31,Belletristik,"Johnson, Uwe: Jahrestage, Bd. 1, Frankfurt a. M.: Suhrkamp 1970, S. 14","Der Händler kennt auch das Kind dieser Kundin vom Sonnabend, wenn beide mit dem Einkaufswagen die Straße abfahren; das Kind, ein zehnjähriges",Mädchen,"mit einem ähnlich kugeligen Kopf, aber sandblonden, ausländischen Zöpfen, sagt guten Morgen, als hätte es das auf der 75. Schule einen Block weiter gelernt, und kommt heimlich an Sonntagmorgen, sich eine Zeitung zu holen, die ganz und gar aus gezeichneten Bilderstreifen besteht.","mit einem ähnlich kugeligen Kopf, aber sandblonden, ausländischen Zöpfen, sagt guten Morgen, als hätte <<ES>> das auf der 75. Schule einen Block weiter gelernt, und kommt heimlich an Sonntagmorgen, sich eine Zeitung zu holen, die ganz und gar aus gezeichneten Bilderstreifen besteht.",y,NA,es,14
190,1908-03-08,Zeitung,"Berliner Tageblatt (Sonntags-Ausgabe), 08.03.1908",Als dem,Mädchen,"darüber Vorhaltungen gemacht wurden, gab es zu, daß es aus Anlaß seines Geburtstages einen Bekannten empfangen habe.","darüber Vorhaltungen gemacht wurden, gab <<ES>> zu, daß <<ES>> aus Anlaß seines Geburtstages einen Bekannten empfangen habe.",y,NA,es,5
193,1913-12-31,Gebrauchsliteratur,"Friedländer, Hugo: Die Vorgänge in der Provinzial-Arbeitsanstalt zu Brauweiler vor Gericht. In: ders., Interessante Kriminal-Prozesse, Berlin: Directmedia Publ. 2001 [1913], S. 3059",Das,Mädchen,"habe ihr gegenüber jedoch beteuert, daß es sich nicht verstelle, sondern seit Kindheit an Krämpfen leide.","habe ihr gegenüber jedoch beteuert, daß <<ES>> sich nicht verstelle, sondern seit Kindheit an Krämpfen leide.",y,NA,es,6
201,1937-12-31,Belletristik,"Klepper, Jochen: Der Vater, Gütersloh: Bertelsmann 1962 [1937], S. 246",Hatte sich das,Mädchen,"je gequält, daß es um des Königs willen dazu beitrug, zwei Ungerechte an den Henker auszuliefern: nun war wieder Friede in ihm wie vordem.","je gequält, daß <<ES>> um des Königs willen dazu beitrug, zwei Ungerechte an den Henker auszuliefern: nun war wieder Friede in ihm wie vordem.",y,NA,es,3
205,1904-03-02,Zeitung,"Berliner Tageblatt (Morgen-Ausgabe), 02.03.1904","Sie kennt den Wandel nicht, der mit dem jungen",Mädchen,"vor sich geht, sobald ""Gürtel und Schleier"" es geschmückt haben.","vor sich geht, sobald ""Gürtel und Schleier"" <<ES>> geschmückt haben.",y,NA,es,7
207,1911-12-31,Belletristik,"Raabe, Wilhelm: Altershausen, Göttingen: Vandenhoek & Ruprecht 1968 [1911], S. 215",Und da das gute,Mädchen,"alle seine Schulbücher in seinem Bücherschränkchen aufbewahrte, so griff es selbstverständlich auch für den vorliegenden Fall hinein und holte das Sachdienliche heraus.","alle seine Schulbücher in seinem Bücherschränkchen aufbewahrte, so griff <<ES>> selbstverständlich auch für den vorliegenden Fall hinein und holte das Sachdienliche heraus.",y,NA,es,9
210,1905-03-01,Zeitung,"Vossische Zeitung (Morgen-Ausgabe), 01.03.1905",Das,Mädchen,"ist schön, es darf auch stolz sein.","ist schön, <<ES>> darf auch stolz sein.",y,NA,es,2
211,1903-12-31,Belletristik,"Keyserling, Eduard von: Beate und Mareile, Berlin: Fischer [1903], S. 80",Das Starke in diesem wilden,Mädchen,"zog Günther an, aber kaum fühlte er es in seiner Gewalt, dann trieb es ihn, es zu beugen.","zog Günther an, aber kaum fühlte er <<ES>> in seiner Gewalt, dann trieb <<ES>> ihn, <<ES>> zu beugen.",y,NA,es,7
225,1920-12-31,Belletristik,"Trott, Magda: Puckis neue Streiche, Stuttgart: Titania (1951) [1920], S. 74","Während des Schreibens hatte Pucki ihn aufmerksam beobachtet, aber das junge",Mädchen,"sah nicht das übermütige Lächeln in seinem Gesicht, denn sonst hätte es geahnt, daß das Autogramm nicht zur Zufriedenheit ausfallen würde.","sah nicht das übermütige Lächeln in seinem Gesicht, denn sonst hätte <<ES>> geahnt, daß das Autogramm nicht zur Zufriedenheit ausfallen würde.",y,NA,es,11
227,1906-03-15,Gebrauchsliteratur,"Allgemeine Deutsche Lehrerzeitung, 1906, Nr. 8/9, Bd. 58",Das,Mädchen,"denkt sich als Dienerin, als Herrin, es ist Köchin, Verkäuferin und tut danach.","denkt sich als Dienerin, als Herrin, <<ES>> ist Köchin, Verkäuferin und tut danach.",y,NA,es,6
228,1922-12-31,Gebrauchsliteratur,"Sudermann, Hermann: Das Bilderbuch meiner Jugend. In: Simons, Oliver (Hg.) Deutsche Autobiographien 1690-1930, Berlin: Directmedia Publ. 2004 [1922], S. 66010","Die alte Frau Hornig empfing mich mit wahrhafter Freude, ein verkümmertes blaßgelbes",Mädchen,", das nicht gern aufstand, weil es verwachsen war, besah mich mit heimlicher Rührung, und ich sprudelte wie ein Wasserfall, ohne daß ich mein literarisches Wissen zu strapazieren brauchte.",", das nicht gern aufstand, weil <<ES>> verwachsen war, besah mich mit heimlicher Rührung, und ich sprudelte wie ein Wasserfall, ohne daß ich mein literarisches Wissen zu strapazieren brauchte.",y,NA,es,6
229,1914-12-31,Belletristik,"Huch, Ricarda: Der Dreißigjährige Krieg, Wiesbaden: Insel-Verl. 1958 [1914], S. 671","Am Brunnen bei der Kreuzkirche habe er sich zuerst gezeigt, da habe gerade ein kleines",Mädchen,"Wasser geschöpft, und wie es den alten Mann gesehen habe, müde am Brunnenrand lehnend, habe es ihm mitleidig den gemeinen Becher voll Wasser hingereicht.","Wasser geschöpft, und wie <<ES>> den alten Mann gesehen habe, müde am Brunnenrand lehnend, habe <<ES>> ihm mitleidig den gemeinen Becher voll Wasser hingereicht.",y,NA,es,4
230,1922-12-31,Belletristik,"Kafka, Franz: Das Schloß. In: Deutsche Literatur von Lessing bis Kafka, Berlin: Directmedia Publ. 2000 [1922], S. 106437","Ein wirklich schönes, liebenswürdiges",Mädchen,"muß, wenn es sich einmal im Ausschank eingelebt hat, keine Künste aufwenden; solange es schön ist, wird es, wenn nicht ein besonderer, unglücklicher Zufall eintritt, Ausschankmädchen sein.","muß, wenn <<ES>> sich einmal im Ausschank eingelebt hat, keine Künste aufwenden; solange <<ES>> schön ist, wird es, wenn nicht ein besonderer, unglücklicher Zufall eintritt, Ausschankmädchen sein.",y,NA,es,2
232,1914-12-31,Belletristik,"Huch, Ricarda: Der Dreißigjährige Krieg, Wiesbaden: Insel-Verl. 1958 [1914], S. 80",Dann erwähnte er behutsam das kleine,Mädchen,", das die Aufmerksamkeit des Herzogs erregt habe und für dessen Zukunft er väterlich sorgen wolle, weswegen es in der Nähe des Schlosses einquartiert sei.",", das die Aufmerksamkeit des Herzogs erregt habe und für dessen Zukunft er väterlich sorgen wolle, weswegen <<ES>> in der Nähe des Schlosses einquartiert sei.",y,NA,es,17
233,1913-12-31,Gebrauchsliteratur,"Friedländer, Hugo: Die Ermordung des Justizrats Levy. In: ders., Interessante Kriminal-Prozesse, Berlin: Directmedia Publ. 2001 [1913], S. 3556",Das,Mädchen,"war aber vom Schrecken so gelähmt, daß es eine verständliche Mitteilung nicht machen konnte.","war aber vom Schrecken so gelähmt, daß <<ES>> eine verständliche Mitteilung nicht machen konnte.",y,NA,es,7
234,1913-12-31,Gebrauchsliteratur,"Friedländer, Hugo: Massenmörder Hugo Schenk und Genossen vor einem Wiener Ausnahmegerichtshof. In: ders., Interessante Kriminal-Prozesse, Berlin: Directmedia Publ. 2001 [1913], S. 3460",Wiederum forderte er das,Mädchen,"auf, ihm zu beweisen, daß es ihm mit voller Inbrunst zugetan und auch bereit sei, für ihn zu sterben.","auf, ihm zu beweisen, daß <<ES>> ihm mit voller Inbrunst zugetan und auch bereit sei, für ihn zu sterben.",y,NA,es,5
238,1994-12-31,Belletristik,"Jentzsch, Kerstin: Seit die Götter ratlos sind, München: Heyne 1999 [1994], S. 331","""Ein",Mädchen,"durfte also nur heiraten, wenn es entjungfert war?""","durfte also nur heiraten, wenn <<ES>> entjungfert war?""",y,NA,es,5
239,1919-12-31,Belletristik,"Stucken, Eduard: Die weißen Götter, Stuttgart: Stuttgarter Hausbücherei [1960] [1919], S. 171",Sie zogen das vermeintliche,Mädchen,"aus dem Wasser, trugen es ans Ufer, betteten es am Uferrand hin.","aus dem Wasser, trugen <<ES>> ans Ufer, betteten <<ES>> am Uferrand hin.",y,NA,es,4
248,1930-12-31,Belletristik,"Feuchtwanger, Lion: Erfolg. In: ders., Gesammelte Werke in Einzelbänden, Bd. 6, Berlin: Aufbau-Verl. 1993 [1930], S. 309",Er sah das große,Mädchen,"Ellis, wie er es zum ersten Male gesehen hatte damals, als er nach bestandenem Examen die paar Wochen an dem österreichischen See verbrachte.","Ellis, wie er <<ES>> zum ersten Male gesehen hatte damals, als er nach bestandenem Examen die paar Wochen an dem österreichischen See verbrachte.",y,NA,es,3
250,1903-03-03,Zeitung,"Vossische Zeitung (Abend-Ausgabe), 03.03.1903",Die Kinder waren erstickt . Das,Mädchen,"mußte sich im Todeskampfe zum Bette hinausgewälzt haben, denn es lag auf dem Fußboden.","mußte sich im Todeskampfe zum Bette hinausgewälzt haben, denn <<ES>> lag auf dem Fußboden.",y,NA,es,9
255,1930-03-01,Zeitung,"Völkischer Beobachter (Bayernausgabe), 01.03.1930",Eines Nachts bedurfte nun die Herrin des,Mädchens,", rief es öfters vergeblich und hatte schließlich - die Puppe in der Hand.",", rief <<ES>> öfters vergeblich und hatte schließlich - die Puppe in der Hand.",y,NA,es,2
259,1938-12-31,Gebrauchsliteratur,"Haluschka, Helene: Noch guter Ton? In: Zillig, Werner (Hg.) Gutes Benehmen, Berlin: Directmedia Publ. 2004 [1938], S. 8058",Trifft ein,Mädchen,"seinen Lehrer in einer Gesellschaft, so wird es sich selbstverständlich erheben, und wäre er noch so jung.","seinen Lehrer in einer Gesellschaft, so wird <<ES>> sich selbstverständlich erheben, und wäre er noch so jung.",y,NA,es,7
263,1914-12-31,Belletristik,"Kafka, Franz: Amerika. In: Deutsche Literatur von Lessing bis Kafka, Berlin: Directmedia Publ. 2000 [1914], S. 105293",»Sehen Sie nur das,Mädchen,"an, wie traurig es ist«, fuhr er fort und griff Klara unters Kinn.","an, wie traurig <<ES>> ist«, fuhr er fort und griff Klara unters Kinn.",y,NA,es,3
268,1924-06-30,Zeitung,"Die Fackel [Elektronische Ressource], 2002 [1924]",Das oben angeführte,Mädchen,"lief in das Haus Köllnerhofgasse Nr. 6, ohne daß es vom Polizeiorgan wahrgenommen oder gar verfolgt worden wäre.","lief in das Haus Köllnerhofgasse Nr. 6, ohne daß <<ES>> vom Polizeiorgan wahrgenommen oder gar verfolgt worden wäre.",y,NA,es,9
270,1911-11-26,Zeitung,"Naumburger Kreisblatt für Stadt und Kreis Naumburg, 26.11.1911",Als das,Mädchen,"um Hilfe schrie, schleppte er es auf eine Anhöhe und stieß es von da hinunter.","um Hilfe schrie, schleppte er <<ES>> auf eine Anhöhe und stieß <<ES>> von da hinunter.",y,NA,es,5
272,1920-12-31,Belletristik,"Jacques, Norbert: Dr. Mabuse, der Spieler, Gütersloh: Bertelsmann 1961 [1920], S. 108",Das,Mädchen,"wurde wie mit einem Schlag blasser, als es war.","wurde wie mit einem Schlag blasser, als <<ES>> war.",y,NA,es,7
274,1919-12-31,Belletristik,"Stucken, Eduard: Die weißen Götter, Stuttgart: Stuttgarter Hausbücherei [1960] [1919], S. 476",Vergebens sträubte sich das,Mädchen,"bei jedem Schritt, schlug wild um sich, schluchzte und flehte, wenn es geschlagen wurde, um Erbarmen.","bei jedem Schritt, schlug wild um sich, schluchzte und flehte, wenn <<ES>> geschlagen wurde, um Erbarmen.",y,NA,es,11
275,1926-12-31,Belletristik,"Grimm, Hans: Volk ohne Raum, München: Langen 1932 [1926], S. 629","Sie bemühen sich sehr bei der Abendmahlzeit und nach der Abendmahlzeit, dem",Mädchen,freundlich zu sein und es heiter zu stimmen.,freundlich zu sein und <<ES>> heiter zu stimmen.,y,NA,es,4
284,1913-12-31,Gebrauchsliteratur,"Friedländer, Hugo: Massenmörder Hugo Schenk und Genossen vor einem Wiener Ausnahmegerichtshof. In: ders., Interessante Kriminal-Prozesse, Berlin: Directmedia Publ. 2001 [1913], S. 3489",Als er das,Mädchen,"fallen ließ, ist es die Böschung hinuntergerutscht.","fallen ließ, ist <<ES>> die Böschung hinuntergerutscht.",y,NA,es,3
286,1953-12-31,Belletristik,"Koeppen, Wolfgang: Das Treibhaus. In: ders., Drei Romane, Frankfurt a. M.: Suhrkamp 1972 [1953], S. 328","Ihr Haar, soweit Keetenheuve es unter der Schute sehen konnte, war kurz geschnitten, und das",Mädchen,"sollte, wenn es die entstellende Kopfbedeckung abnahm, wie ein Knabe aussehen.","sollte, wenn <<ES>> die entstellende Kopfbedeckung abnahm, wie ein Knabe aussehen.",y,NA,es,2
287,1937-12-31,Belletristik,"Klepper, Jochen: Der Vater, Gütersloh: Bertelsmann 1962 [1937], S. 408","Sie war verdammt, das unschöne",Mädchen,"zu sein, das sich seiner großen Zukunft nur gewachsen zeigen konnte, wenn es imstande war, durch Klugheit zu bestricken.","zu sein, das sich seiner großen Zukunft nur gewachsen zeigen konnte, wenn <<ES>> imstande war, durch Klugheit zu bestricken.",y,NA,es,12
288,1932-12-31,Wissenschaft,"Wind, Edgar: Humanitätsidee und heroisiertes Porträt in der englischen Kultur des 18. Jahrhunderts. In: Saxl, Fritz (Hg.), Vorträge 1930 - 1931, Leipzig: Teubner 1932, S. 195","Wenn schon bei den Kinderbildnissen ein Gegensatz in der Behandlungsweise männlicher und weiblicher Wesen beobachtet werden konnte - den Knaben heroisiert man durch den Hinweis auf seinen zukünftigen Beruf, man macht ihn zum Helden oder zum Gott; das",Mädchen,"vergleicht man mit einem Engel oder einer Katze, man macht es zum Symbol der Unschuld oder auch der Mütterlichkeit -, so verstärkt sich dieser Kontrast beim erwachsenen Menschen.","vergleicht man mit einem Engel oder einer Katze, man macht <<ES>> zum Symbol der Unschuld oder auch der Mütterlichkeit -, so verstärkt sich dieser Kontrast beim erwachsenen Menschen.",y,NA,es,10
290,1901-12-31,Gebrauchsliteratur,"Baudissin, Wolf von u. Baudissin, Eva von: Spemanns goldenes Buch der Sitte. In: Zillig, Werner (Hg.), Gutes Benehmen, Berlin: Directmedia Publ. 2004 [1901], S. 2002",man es einem,Mädchen,"verdenken, daß es schließlich Lust und Mut verliert, oder gar davonläuft, wenn es nur an seine Pflichten ermahnt wird, niemals auf Nachsicht oder Güte stößt und nie ein anderes, als ein tadelndes oder höhnisches Wort hört?","verdenken, daß <<ES>> schließlich Lust und Mut verliert, oder gar davonläuft, wenn <<ES>> nur an seine Pflichten ermahnt wird, niemals auf Nachsicht oder Güte stößt und nie ein anderes, als ein tadelndes oder höhnisches Wort hört?",y,NA,es,2
294,1971-12-31,Gebrauchsliteratur,"Schücking, Beate: Wir machen unsere Kinder krank, München: List 1971, S. 71","Von derartigen Vorgängen ahnt aber der Arzt nichts, wenn ihm eine Mutter ihr etwa achtzehn Monate altes",Mädchen,"bringt und ihre Besorgnis darüber äußert, daß es sich häufig auffällig benähme: in der Bettwärme, nachts oder beim Nachmittagsschlaf, presse es die kleinen Fäuste zwischen die aufgestemmten Beine, bekomme einen roten Kopf und finge an zu schwitzen, stöhne hörbar und empfände offenbar ein Vergnügen an seinem Zustand.","bringt und ihre Besorgnis darüber äußert, daß <<ES>> sich häufig auffällig benähme: in der Bettwärme, nachts oder beim Nachmittagsschlaf, presse <<ES>> die kleinen Fäuste zwischen die aufgestemmten Beine, bekomme einen roten Kopf und finge an zu schwitzen, stöhne hörbar und empfände offenbar ein Vergnügen an seinem Zustand.",y,NA,es,7
1,1918-12-31,Belletristik,"Stehr, Hermann: Der Heiligenhof, München: List 1952 [1918], S. 389","Eines Tages nahm er Helene mit sich hinaus auf das Feld, und als sie beide ganz allein waren, fragte er das",Mädchen,", ob sie in der Weite einen Mann sähe, der auf den Hof zukomme.",", ob <<<SIE>>> in der Weite einen Mann sähe, der auf den Hof zukomme.",y,NA,sie,2
3,1917-12-31,Zeitung,"Die Fackel [Elektronische Ressource], 2002 [1917]",Ein kleines,Mädchen,"hat die Neue Freie Presse auf verbrecherische Weise irregeführt, indem sie ihr, verkleidet als Robert Schletter - warum nicht, da doch reifere Geschlechtsgenossinnen sich als Helden verkleiden -, mit Berufung darauf, daß sein letztes Gedicht »so viel Anklang gefunden hat«, ein zweites offerierte.","hat die Neue Freie Presse auf verbrecherische Weise irregeführt, indem <<<SIE>>> ihr, verkleidet als Robert Schletter - warum nicht, da doch reifere Geschlechtsgenossinnen sich als Helden verkleiden -, mit Berufung darauf, daß sein letztes Gedicht »so viel Anklang gefunden hat«, ein zweites offerierte.",y,NA,sie,10
4,1924-11-29,Gebrauchsliteratur,"Die Landfrau, 29.11.1924",Wieviel besser ist es für ein,Mädchen,", wenn sie einen Beruf hat, der sie ernährt und ihr eine selbständige, befriedigende Stellung gewährt.",", wenn <<<SIE>>> einen Beruf hat, der <<<SIE>>> ernährt und ihr eine selbständige, befriedigende Stellung gewährt.",y,NA,sie,2
12,1938-12-31,Belletristik,"Schneider, Reinhold: Las Casas vor Karl V., Berlin: Union-Verl. 1979 [1938], S. 64","Aber als ich einmal aufwachte, hörte ich neben mir das kaum vernehmliche Weinen Lucayas, das mir den Schlaf mehr stören sollte als gellende Klagerufe; ich sah auch, wie das",Mädchen,"mit einem gefüllten Becher zu der Luke glitt, ihn hinunterreichte und, auf das Gitter gebückt, den Gefangenen zuflüsterte; dann schlich sie sich wieder auf ihr Lager.","mit einem gefüllten Becher zu der Luke glitt, ihn hinunterreichte und, auf das Gitter gebückt, den Gefangenen zuflüsterte; dann schlich <<<SIE>>> sich wieder auf ihr Lager.",y,NA,sie,20
14,1902-02-16,Zeitung,"Berliner Tageblatt, 16.02.1902",Ein mitleidiger Regisseur gab dem heranwachsenden,Mädchen,"etwas dramatischen Unterricht, und mit fünfzehn Jahren hatte sie schon ein rechtes Engagement und zwei Kleidchen als Garderobe, eins, das sie sich selbst aus weggeworfenem Flitter älterer Kolleginnen für die ""Louise"" zusammengeflickt hatte, ein anderes, das ihr ermöglichte, als Jeanne d'Arc in Bremen aufzutreten und zu gefallen.","etwas dramatischen Unterricht, und mit fünfzehn Jahren hatte <<<SIE>>> schon ein rechtes Engagement und zwei Kleidchen als Garderobe, eins, das <<<SIE>>> sich selbst aus weggeworfenem Flitter älterer Kolleginnen für die ""Louise"" zusammengeflickt hatte, ein anderes, das ihr ermöglichte, als Jeanne d'Arc in Bremen aufzutreten und zu gefallen.",y,NA,sie,8
16,1930-12-31,Belletristik,"Feuchtwanger, Lion: Erfolg. In: ders., Gesammelte Werke in Einzelbänden, Bd. 6, Berlin: Aufbau-Verl. 1993 [1930], S. 736",Dem gefiel das resolute bayrische,Mädchen,", er nahm sie zur Sekretärin, es war ein gutes Arbeiten.",", er nahm <<<SIE>>> zur Sekretärin, es war ein gutes Arbeiten.",y,NA,sie,3
23,1953-12-31,Belletristik,"Koeppen, Wolfgang: Das Treibhaus. In: ders., Drei Romane, Frankfurt a. M.: Suhrkamp 1972 [1953], S. 328",Das,Mädchen,"war nicht eigentlich schön, auch war sie klein, aber ihre frische und etwas trotzige Haltung machten sie hübsch.","war nicht eigentlich schön, auch war <<<SIE>>> klein, aber ihre frische und etwas trotzige Haltung machten <<<SIE>>> hübsch.",y,NA,sie,6
35,1926-12-31,Belletristik,"Grimm, Hans: Volk ohne Raum, München: Langen 1932 [1926], S. 643",Das,Mädchen,"jammert leise in sich hinein ... Cornelius streichelt und bittet, und sie tut sich hin, nicht auf ihr Bett in ihrem Zimmer, aber auf das Sofa in der Eßstube, und Cornelius Friebott bleibt bis fünf Uhr in ihrer Nähe sitzen, damit sie Ruhe gewinnt.","jammert leise in sich hinein ... Cornelius streichelt und bittet, und <<<SIE>>> tut sich hin, nicht auf ihr Bett in ihrem Zimmer, aber auf das Sofa in der Eßstube, und Cornelius Friebott bleibt bis fünf Uhr in ihrer Nähe sitzen, damit <<<SIE>>> Ruhe gewinnt.",y,1,sie,11
44,1903-12-31,Gebrauchsliteratur,"Reile, Bonifaz (Hg.), Kneipp, Sebastian. Das große Kneippbuch, München: Beckstein 1939 [1903], S. 569",Das junge,Mädchen,"soll wissen, wem sie die Hand zum Ehebund reicht, und ebenso der Mann, woher seine künftige Frau stammt, welche Erbteile sie im Kinde zusammenführen.","soll wissen, wem <<<SIE>>> die Hand zum Ehebund reicht, und ebenso der Mann, woher seine künftige Frau stammt, welche Erbteile <<<SIE>>> im Kinde zusammenführen.",y,NA,sie,3
48,1957-12-31,Belletristik,"Andersch, Alfred: Sansibar oder der letzte Grund, Olten: Walter 1957 [1957], S. 159","Ehe Gregor die letzte Schraube herauszog, wies er Judith an, die Figur festzuhalten; als er sich erhob und aufblickte, sah er das",Mädchen,"auf dem Boden knien, die aufgefangene Figur in den Armen, als trüge sie eine Puppe oder ein Kind.","auf dem Boden knien, die aufgefangene Figur in den Armen, als trüge <<<SIE>>> eine Puppe oder ein Kind.",y,NA,sie,12
52,1957-12-31,Belletristik,"Walser, Martin: Ehen in Philippsburg, Frankfurt a. M.: Suhrkamp 1997 [1957], S. 7",Das,Mädchen,"löste sich vom Stamm, taumelte ein bißchen, er griff nach ihr und bewahrte sie vorm Sturz.","löste sich vom Stamm, taumelte ein bißchen, er griff nach ihr und bewahrte <<<SIE>>> vorm Sturz.",y,NA,sie,13
57,1929-12-31,Belletristik,"Döblin, Alfred: Berlin Alexanderplatz, Olten: Walter 1961 [1929], S. 34",Wenn ein,Mädchen,"einen Hörrn hat, den sie liebt und den sie görn hat.","einen Hörrn hat, den <<<SIE>>> liebt und den <<<SIE>>> görn hat.",y,NA,sie,4
58,1903-12-31,Belletristik,"Frapan, Ilse: Arbeit. In: Deutsche Literatur von Frauen, Berlin: Directmedia Publ. 2001 [1903], S. 26984",Das,Mädchen,", das die Stiege kehrte, erschrak vor ihm; sie war in der letzten Zeit in diesem Hause völlig schreckhaft geworden.",", das die Stiege kehrte, erschrak vor ihm; <<<SIE>>> war in der letzten Zeit in diesem Hause völlig schreckhaft geworden.",y,NA,sie,8
60,1921-12-31,Gebrauchsliteratur,"Friedländer, Hugo: Ein Liebesdrama im Berliner Tiergarten. In: ders., Interessante Kriminal-Prozesse, Berlin: Directmedia Publ. 2001 [1921], S. 4743","Man denke nur daran, daß sie das Zusammentreffen mit Reimann von 8 auf 10 Uhr verlegt, und daß das",Mädchen,", das in den Tod gehen wollte, auch noch daran dachte, den Hausschlüssel des Dr. St. zurückzuverlangen, und die Verlegung der Zeit damit erklären will, daß sie sich schämte, mit dem R. sich noch sehen zu lassen.",", das in den Tod gehen wollte, auch noch daran dachte, den Hausschlüssel des Dr. St. zurückzuverlangen, und die Verlegung der Zeit damit erklären will, daß <<<SIE>>> sich schämte, mit dem R. sich noch sehen zu lassen.",y,NA,sie,26
66,1925-12-31,Belletristik,"Kafka, Franz: Der Proceß, Frankfurt a. M.: Fischer 1993 [1925], S. 104",Das,Mädchen,"stand noch immer mit der Kerze nahe bei der Tür, soweit ihr unbestimmter Blick erkennen ließ sah sie eher K. an als den Onkel, selbst als dieser jetzt von ihr sprach.","stand noch immer mit der Kerze nahe bei der Tür, soweit ihr unbestimmter Blick erkennen ließ sah <<<SIE>>> eher K. an als den Onkel, selbst als dieser jetzt von ihr sprach.",y,NA,sie,17
71,1920-10-24,Zeitung,"Tucholsky, Kurt: Die Straße der Republik. In: Tucholsky, Kurt, Werke - Briefe - Materialien, Berlin: Directmedia Publ. 2000 [1920], S. 10547",Was dieses traute,Mädchen,"schon alles für Kummer ausgestanden hat, seit sie ihr den uniformierten Jochen aus der Kammer genommen haben (und nun steht sie leer . . . ) - das ist gar nicht zum Blasen.","schon alles für Kummer ausgestanden hat, seit <<<SIE>>> ihr den uniformierten Jochen aus der Kammer genommen haben (und nun steht <<<SIE>>> leer . . . ) - das ist gar nicht zum Blasen.",y,NA,sie,7
75,1920-12-31,Belletristik,"Schaeffer, Albrecht: Helianth I, Bonn: Weidle 1995 [1920], S. 421","Renate erhob ihre Hand, um hinauf zu winken, und es schien auch, als ob das",Mädchen,heruntersähe; doch machte sie keine Bewegung.,heruntersähe; doch machte <<<SIE>>> keine Bewegung.,y,NA,sie,3
84,1913-12-31,Belletristik,"Reventlow, Franziska Gräfin zu: Herrn Dames Aufzeichnungen. In: Deutsche Literatur von Frauen, Berlin: Directmedia Publ. 2001 [1913], S. 62279",Ein junges,Mädchen,"mußten wir neulich zwei Tage dabehalten, weil sie als Page zu uns kam und nichts vorhanden war, was ihr paßte.","mußten wir neulich zwei Tage dabehalten, weil <<<SIE>>> als Page zu uns kam und nichts vorhanden war, was ihr paßte.",y,NA,sie,7
87,1971-12-31,Gebrauchsliteratur,"o. A.[Autorenkollektiv am Psychologischen Institut der Freien Universität Berlin]: Sozialistische Projektarbeit im Berliner Schülerladen Rote Freiheit. Frankfurt: Fischer Bücherei 1971, S. 143","Daß es linke Studenten gibt und eine Universität, an der politisch was los ist, war den meisten Kindern wohl schon bewußt, aber sie erfuhren erst mit Verblüffung, daß die Studenten »studieren«, daraufhin fragte ahnungslos naiv ein",Mädchen,", das die Hilfsschule nicht mehr besuchen konnte, ob sie auch Studentin sei, wenn sie studiere.",", das die Hilfsschule nicht mehr besuchen konnte, ob <<<SIE>>> auch Studentin sei, wenn <<<SIE>>> studiere.",y,NA,sie,9
88,1933-12-31,Belletristik,"Toller, Ernst: Eine Jugend in Deutschland, Reinbek bei Hamburg: Rowohlt 1985 [1933], S. 149",Das,Mädchen,"büßte schwer die zarte Geste eines großen einfältigen Herzens, sie sollte eine Woche später entlassen werden, sie verlor die Bewährungsfrist.","büßte schwer die zarte Geste eines großen einfältigen Herzens, <<<SIE>>> sollte eine Woche später entlassen werden, <<<SIE>>> verlor die Bewährungsfrist.",y,NA,sie,9
93,1928-12-31,Gebrauchsliteratur,"Eichler, Lillian: So oder so? In: Zillig, Werner (Hg.), Gutes Benehmen, Berlin: Directmedia Publ. 2004 [1928], S. 5556","Kommt unerwarteter Besuch, so kann das",Mädchen,"ihn wohl bitten, einen Augenblick dort Platz zu nehmen, während sie seine Visitenkarte der Dame des Hauses bringt, von deren Wohl und Wehe es ja abhängt, ob er empfangen wird.","ihn wohl bitten, einen Augenblick dort Platz zu nehmen, während <<<SIE>>> seine Visitenkarte der Dame des Hauses bringt, von deren Wohl und Wehe es ja abhängt, ob er empfangen wird.",y,NA,sie,10
95,1965-12-31,Belletristik,"Kant, Hermann: Die Aula, Berlin: Rütten & Loening 1965, S. 373","Sicher sei es nach Auffassung vieler Mediziner wünschenswert, daß ein",Mädchen,"ein bißchen von dem wisse, was sie erwarte, wenn sie sich mit einem Knaben auf ein Haschespiel im Heu einlasse, aber welche Weibsperson, so möchte er fast fragen, welche von all den lieben Weibspersonen schere denn ihr Wissen um die nervösen Mechanismen des Säugetieres bei Reaktionen auf taktilen Reiz, wenn sie eine kräftige Hand an ihrer rückwärtigen Knopfleiste spüre?","ein bißchen von dem wisse, was <<<SIE>>> erwarte, wenn <<<SIE>>> sich mit einem Knaben auf ein Haschespiel im Heu einlasse, aber welche Weibsperson, so möchte er fast fragen, welche von all den lieben Weibspersonen schere denn ihr Wissen um die nervösen Mechanismen des Säugetieres bei Reaktionen auf taktilen Reiz, wenn <<<SIE>>> eine kräftige Hand an ihrer rückwärtigen Knopfleiste spüre?",y,NA,sie,6
96,1920-12-31,Belletristik,"Trott, Magda: Puckis neue Streiche, Stuttgart: Titania (1951) [1920], S. 3",Hedi Sandler war ein sehr begabtes,Mädchen,", das Freude am Lernen hatte, noch mehr aber freute sie sich, wenn sie gemeinsam mit den Klassenkameradinnen einen Spaß aushecken konnte.",", das Freude am Lernen hatte, noch mehr aber freute <<<SIE>>> sich, wenn <<<SIE>>> gemeinsam mit den Klassenkameradinnen einen Spaß aushecken konnte.",y,NA,sie,10
108,1994-12-31,Belletristik,"Jentzsch, Kerstin: Seit die Götter ratlos sind, München: Heyne 1999 [1994], S. 330",Dem,Mädchen,"werden die Augen verbunden, Hände führen sie zu einem Stuhl, halten sie fest.","werden die Augen verbunden, Hände führen <<<SIE>>> zu einem Stuhl, halten <<<SIE>>> fest.",y,NA,sie,6
112,1955-12-31,Gebrauchsliteratur,"Weber, Annemarie (Hg.), Die Hygiene der Schulbank, Wiesbaden: Falken-Verl. 1955, S. 374","Man glaubt nämlich nicht, wie leicht ein junges",Mädchen,"zum Lachen aufgelegt ist, und wie für sie auch die geringste Lächerlichkeit bei einem Mann ihr eben noch so starkes Gefühl tötet.","zum Lachen aufgelegt ist, und wie für <<<SIE>>> auch die geringste Lächerlichkeit bei einem Mann ihr eben noch so starkes Gefühl tötet.",y,NA,sie,7
116,1927-03-02,Zeitung,"Vossische Zeitung (Morgen-Ausgabe), 02.03.1927","In einem Gleiwitzer Hotelzimmer hat der Monteur Janik seine Begleiterin, ein 24jähriges",Mädchen,"aus der Nachbarschaft, zunächst mit Veronal zu vergiften versucht und sie dann mit einem Handtuch erdrosselt.","aus der Nachbarschaft, zunächst mit Veronal zu vergiften versucht und <<<SIE>>> dann mit einem Handtuch erdrosselt.",y,NA,sie,10
117,1920-12-31,Belletristik,"Christ, Lena: Madam Bäurin. In: Deutsche Literatur von Frauen, Berlin: Directmedia Publ. 2001 [1920], S. 13460",Läuft mir das,Mädchen,"als Braut Tag für Tag mit diesem Burschen herum, läßt sich von ihm duzen und tut, als wäre sie seine ... seine ...","als Braut Tag für Tag mit diesem Burschen herum, läßt sich von ihm duzen und tut, als wäre <<<SIE>>> seine ... seine ...",y,NA,sie,18
120,1907-12-31,Belletristik,"Meysenbug, Malwida von: Zu spät. In: Deutsche Literatur von Frauen, Berlin: Directmedia Publ. 2001 [1907], S. 50461","»Nein, Iwan, führe mir das ärmste",Mädchen,"zu, wenn sie redlich und unbescholten ist und dich liebt, will ich sie als meine Tochter an das Herz drücken.","zu, wenn <<<SIE>>> redlich und unbescholten ist und dich liebt, will ich <<<SIE>>> als meine Tochter an das Herz drücken.",y,NA,sie,2
123,1934-12-31,Belletristik,"Fallada, Hans: Wer einmal aus dem Blechnapf frißt - Bd. 2, Berlin u. a.: Aufbau-Verl. 1990 [1934], S. 204","Dazwischen tranken sie viele Liköre, und das",Mädchen,"taute auf und küßte ihn ab, was gar nicht angenehm war, und sie rief mit heller, alberner Stimme:","taute auf und küßte ihn ab, was gar nicht angenehm war, und <<<SIE>>> rief mit heller, alberner Stimme:",y,NA,sie,12
124,1900-12-31,Belletristik,"Duncker, Dora: Großstadt. In: Deutsche Literatur von Frauen, Berlin: Directmedia Publ. 2001 [1900], S. 17554",Nachdem das,Mädchen,"die Lampe auf das rotgewürfelte Tischtuch gestellt hatte, schloss sie sorgfältig die Fensterladen, durch deren herzförmige Ausschnitte jetzt kaum noch ein fahler Tagesschein drang, so schnell hatte die Dunkelheit zugenommen.","die Lampe auf das rotgewürfelte Tischtuch gestellt hatte, schloss <<<SIE>>> sorgfältig die Fensterladen, durch deren herzförmige Ausschnitte jetzt kaum noch ein fahler Tagesschein drang, so schnell hatte die Dunkelheit zugenommen.",y,NA,sie,9
128,1930-12-31,Wissenschaft,"Glaser, Curt: Japanisches Theater. In: ders., Japanisches Theater, Berlin-Lankwitz: Würfel-Verl. 1930, S. 15",Dann preist das,Mädchen,"tanzend das Freudenviertel von Kyôto, aus dem sie stammt.","tanzend das Freudenviertel von Kyôto, aus dem <<<SIE>>> stammt.",y,NA,sie,7
131,1957-12-31,Belletristik,"Walser, Martin: Ehen in Philippsburg, Frankfurt a. M.: Suhrkamp 1997 [1957], S. 13","Ihr Mund nämlich war breit, allerdings schmallippig, das schwarzbraune Haar stand in dicken kräuseligen Nestern bewegungslos um ihr weitausladendes Gesicht, die Glieder waren kräftig und schienen ein bißchen zu schwer zu sein für dieses",Mädchen,"(er erinnerte sich, daß sie sich immer nur langsam bewegte, als mache es ihr Mühe): deshalb war man überrascht, daß ihre Stimme so hoch war, hoch und schwach; Hans dachte: eigentlich piepst sie.","(er erinnerte sich, daß <<<SIE>>> sich immer nur langsam bewegte, als mache es ihr Mühe): deshalb war man überrascht, daß ihre Stimme so hoch war, hoch und schwach; Hans dachte: eigentlich piepst <<<SIE>>>.",y,NA,sie,4
133,1909-12-31,Belletristik,"Suttner, Bertha von: Autobiographie. In: Deutsche Literatur von Frauen, Berlin: Directmedia Publ. 2001 [1909], S. 70062",Und je wärmer das Gefühlsleben eines,Mädchens,"ist, je mehr ihr Geist von poetischer Kost sich genährt, je stolzer sie empfindet, daß sie Schätze von Glück zu vergeben hätte, zu je hingebenderer Liebe sie die Kraft in sich fühlt, desto empfänglicher ist sie für jenes geheimnisvolle Funkengeknister ...","ist, je mehr ihr Geist von poetischer Kost sich genährt, je stolzer <<<SIE>>> empfindet, daß <<<SIE>>> Schätze von Glück zu vergeben hätte, zu je hingebenderer Liebe <<<SIE>>> die Kraft in sich fühlt, desto empfänglicher ist <<<SIE>>> für jenes geheimnisvolle Funkengeknister ...",y,NA,sie,12
134,1922-12-31,Gebrauchsliteratur,"Deussen, Paul: Mein Leben. In: Simons, Oliver (Hg.) Deutsche Autobiographien 1690-1930, Berlin: Directmedia Publ. 2004 [1922], S. 19176","Als er aber bemerkte, wie das arme",Mädchen,", früher frisch und blühend, zufolge seiner Absicht, sie wieder allein zu lassen, dahinschwand, wurde er von Mitleid ergriffen und hat sie aus Mitleid, wie er mir selbst erzählte, geheiratet.",", früher frisch und blühend, zufolge seiner Absicht, <<<SIE>>> wieder allein zu lassen, dahinschwand, wurde er von Mitleid ergriffen und hat <<<SIE>>> aus Mitleid, wie er mir selbst erzählte, geheiratet.",y,NA,sie,8
141,1955-12-31,Gebrauchsliteratur,"Weber, Annemarie (Hg.), Die Hygiene der Schulbank, Wiesbaden: Falken-Verl. 1955, S. 373",So kann einem jungen,Mädchen,"gar nicht eindringlich genug klargemacht werden, wieviel schmerzliche und unruhige Stunden ihr erspart bleiben, wenn sie in diesem Punkte abweisend bleibt.","gar nicht eindringlich genug klargemacht werden, wieviel schmerzliche und unruhige Stunden ihr erspart bleiben, wenn <<<SIE>>> in diesem Punkte abweisend bleibt.",y,NA,sie,15
146,1920-12-31,Belletristik,"Christ, Lena: Madam Bäurin. In: Deutsche Literatur von Frauen, Berlin: Directmedia Publ. 2001 [1920], S. 13392",Und da ihm das hübsche,Mädchen,"außer einem Herzen voll warmer Zuneigung und einem Kopf voll überspannter Ideen nicht viel in die junge Ehe einbrachte, so wurde auch durch sie der Geldsäckel der Scheufleins nicht voller.","außer einem Herzen voll warmer Zuneigung und einem Kopf voll überspannter Ideen nicht viel in die junge Ehe einbrachte, so wurde auch durch <<<SIE>>> der Geldsäckel der Scheufleins nicht voller.",y,NA,sie,23
148,1909-12-31,Belletristik,"Huch, Friedrich: Pitt und Fox, München: Langewiesche-Brandt 1910 [1909], S. 216","Aber sie ließ nach, wie er nicht das",Mädchen,"selbst bekam, sondern nur ihr Bild, das sie ihm schenkte, und das ihm nun plötzlich wertvoller und schöner dünkte als das Original.","selbst bekam, sondern nur ihr Bild, das <<<SIE>>> ihm schenkte, und das ihm nun plötzlich wertvoller und schöner dünkte als das Original.",y,NA,sie,7
152,1932-12-31,Wissenschaft,"Klages, Ludwig: Der Geist als Widersacher der Seele, 3. Band, Teil 1: Die Lehre von der Wirklichkeit der Bilder, Leipzig: Barth 1932, S. 810","Als jedoch Mesrur ihn bedeutet, es sei Zeit, sich zu erheben, das Morgengebet zu verrichten und die Ratsversammlung zu eröffnen, die lange schon seines Anblickes harre, da heißt er eines der",Mädchen,"herzutreten und fordert sie auf, ihn in den Finger zu beißen; und kaum, daß er von ihren Zähnen den Schmerz verspürt, so ruft er aus:","herzutreten und fordert <<<SIE>>> auf, ihn in den Finger zu beißen; und kaum, daß er von ihren Zähnen den Schmerz verspürt, so ruft er aus:",y,NA,sie,3
155,1927-12-31,Wissenschaft,"Rafaeli, Max u. Le Mang, Erwin: Ueber die Liebe. In: Das große Aufklärungswerk für Braut- und Eheleute, Dresden: Buchversand Gutenberg o.J. 1933 [1927], S. 104","Erst, wenn dann das junge",Mädchen,"ernst macht und auf die Hochzeit drängt, wenn sie möglichst ihre gesamten Ersparnisse an den Gauner abgeliefert hat - der damit das entzückende Heim in seiner eine Bahnstunde entfernten ""Heimat"" einrichten oder ein Geschäft gründen will oder was sonst noch alles -, kommt das bittere Erwachen aus einem Traum von Liebe und Glück.","ernst macht und auf die Hochzeit drängt, wenn <<<SIE>>> möglichst ihre gesamten Ersparnisse an den Gauner abgeliefert hat - der damit das entzückende Heim in seiner eine Bahnstunde entfernten ""Heimat"" einrichten oder ein Geschäft gründen will oder was sonst noch alles -, kommt das bittere Erwachen aus einem Traum von Liebe und Glück.",y,NA,sie,8
156,1957-12-31,Gebrauchsliteratur,"Smolka, Karl: Gutes Benehmen von A - Z. In: Zillig, Werner (Hg.) Gutes Benehmen, Berlin: Directmedia Publ. 2004 [1957], S. 14494","Bei aller Jugend, Tändelei und schwärmerischer Verliebtheit sollte der junge Kavalier in einem",Mädchen,eine zukünftige Ehegefährtin und Mutter achten; auch wenn sie vielleicht einen anderen als Lebensgefährten wählen wird.,eine zukünftige Ehegefährtin und Mutter achten; auch wenn <<<SIE>>> vielleicht einen anderen als Lebensgefährten wählen wird.,y,NA,sie,8
161,1915-12-31,Belletristik,"Braun, Lily: Lebenssucher. In: Deutsche Literatur von Frauen, Berlin: Directmedia Publ. 2001 [1915], S. 8999",Das junge,Mädchen,", die in den wenigen Jahren, seit Konrad sie nicht gesehen hatte, rasch gealtert war - wie Frauen altern, die nichts haben als ihre Jugend -, tat ihr leid.",", die in den wenigen Jahren, seit Konrad <<<SIE>>> nicht gesehen hatte, rasch gealtert war - wie Frauen altern, die nichts haben als ihre Jugend -, tat ihr leid.",y,NA,sie,8
162,1909-12-31,Wissenschaft,"Meisel-Hess, Grete: Die sexuelle Krise. In: Lehmstedt, Mark (Hg.) Deutsche Literatur von Frauen, Berlin: Directmedia Publ. 2001 [1909], S. 49489","Er erzählt auch, dieser Dichter, wie dem",Mädchen,"trotz seiner Einsamkeit vor allen diesen entarteten Wichten, die sie umgeben, graut.","trotz seiner Einsamkeit vor allen diesen entarteten Wichten, die <<<SIE>>> umgeben, graut.",y,NA,sie,9
165,1913-12-31,Gebrauchsliteratur,"Friedländer, Hugo: Die Vorgänge in der Provinzial-Arbeitsanstalt zu Brauweiler vor Gericht. In: ders., Interessante Kriminal-Prozesse, Berlin: Directmedia Publ. 2001 [1913], S. 3135",Eine weitere Zeugin war ein junges,Mädchen,", namens Heß: Sie sei eine Zeitlang als Korrigendin in Brauweiler gewesen, sie selbst sei wohl nicht geschlagen worden, die anderen Mädchen haben jedoch häufig geklagt, daß sie geschlagen worden seien.",", namens Heß: <<<SIE>>> sei eine Zeitlang als Korrigendin in Brauweiler gewesen, <<<SIE>>> selbst sei wohl nicht geschlagen worden, die anderen Mädchen haben jedoch häufig geklagt, daß <<<SIE>>> geschlagen worden seien.",y,1,sie,3
166,1915-12-31,Belletristik,"Braun, Lily: Lebenssucher. In: Deutsche Literatur von Frauen, Berlin: Directmedia Publ. 2001 [1915], S. 8833","Wie er den Bengel am Nebentisch beneidete, der leuchtenden Auges davon erzählte, daß der Kampf um Lohnerhöhung in seiner Fabrik von morgen ab seine Wocheneinnahme um eine ganze Mark erhöht habe, oder gar das zierliche",Mädchen,", die eben vorbeiging und ihrer Freundin die neue Bluse beschrieb, in der sie morgen - morgen! - den Geliebten entzücken würde.",", die eben vorbeiging und ihrer Freundin die neue Bluse beschrieb, in der <<<SIE>>> morgen - morgen! - den Geliebten entzücken würde.",y,NA,sie,13
172,1950-12-31,Belletristik,"Horster, Hans-Ulrich [d.i. Rhein, Eduard]: Ein Herz spielt falsch, Köln: Lingen 1991 [1950], S. 43","Und schließlich ertappte er sich sogar einige Male dabei, wie er sich das",Mädchen,"daheim zwischen den Möbeln der altväterlichen Wohnung vorstellte, wie sie die fünfjährige Barbara, ein stilles, verschüchtertes Kind, mit ruhigen Worten lenkte, wie sie ohne Hast in der Küche waltete und ihm morgens in dem nüchternen Tonfall Linas sagte:","daheim zwischen den Möbeln der altväterlichen Wohnung vorstellte, wie <<<SIE>>> die fünfjährige Barbara, ein stilles, verschüchtertes Kind, mit ruhigen Worten lenkte, wie <<<SIE>>> ohne Hast in der Küche waltete und ihm morgens in dem nüchternen Tonfall Linas sagte:",y,NA,sie,9
176,1911-12-31,Belletristik,"Hofmannsthal, Hugo von: Der Rosenkavalier. In: Deutsche Literatur von Lessing bis Kafka, Berlin: Directmedia Publ. 2000 [1911], S. 92142",Der Leiblakai und der mit dem Pflaster auf der Nase jagen einem hübschen jungen,Mädchen,nach und bringen sie hart an der Schwelle zum Salon bedenklich in die Enge.,nach und bringen <<<SIE>>> hart an der Schwelle zum Salon bedenklich in die Enge.,y,NA,sie,3
183,1938-12-31,Gebrauchsliteratur,"Witkowski, Georg: Von Menschen und Büchern, Erinnerungen 1863-1933. In: Simons, Oliver (Hg.) Deutsche Autobiographien 1690-1930, Berlin: Directmedia Publ. 2004 [1938], S. 74834","Oft und gern weilte ich in Dornbach bei ihnen: Ich fühlte, das",Mädchen,"war mir gut und ich ihr, je besser ich sie kennenlernte, um so mehr; aber zugleich erkannte ich immer deutlicher, dies war »kein Kaffeehaus vor mir«, wie es damals in der jüdischen Posse der Budapester Orpheumsgesellschaft hieß, die jeder Wiener gesehen haben mußte.","war mir gut und ich ihr, je besser ich <<<SIE>>> kennenlernte, um so mehr; aber zugleich erkannte ich immer deutlicher, dies war »kein Kaffeehaus vor mir«, wie es damals in der jüdischen Posse der Budapester Orpheumsgesellschaft hieß, die jeder Wiener gesehen haben mußte.",y,NA,sie,9
186,1943-12-31,Gebrauchsliteratur,"Klemperer, Victor: [Tagebuch] 1943. In: ders., Ich will Zeugnis ablegen bis zum letzten, Berlin: Aufbau-Taschenbuch-Verl. 1999 [1943], S. 97",Das arische,Mädchen,"darf nicht in unsere Zimmer kommen, wenn sie aus Prahlerei oder Bösartigkeit erzählt, daß ... kann es mich das Leben kosten.","darf nicht in unsere Zimmer kommen, wenn <<<SIE>>> aus Prahlerei oder Bösartigkeit erzählt, daß ... kann es mich das Leben kosten.",y,NA,sie,7
187,1940-12-31,Belletristik,"Schaper, Edzard: Der Henker, Zürich: Artemis 1978 [1940], S. 221","Nun wollte sie nur sagen, daß sie in die Badstube ginge, richtete das",Mädchen,"aus; es schien ihr letztes Anliegen zu sein, und sie hätte gehen können; aber sie ging nicht.","aus; es schien ihr letztes Anliegen zu sein, und <<<SIE>>> hätte gehen können; aber <<<SIE>>> ging nicht.",y,NA,sie,9
189,1935-03-02,Zeitung,"Völkischer Beobachter (Berliner Ausgabe), 02.03.1935","""Das ist der schönste Tag meines Lebens"" und von dem kleinen",Mädchen,", das durch die Sperrkette durchschlüpft, um zum Führer zu kommen, und von einem alten Mütterchen, das im Krankenwagen an den Wagen des Führers herangefahren wird, weil sie den Wunsch hat, nur einmal Adolf Hitler zu sehen.",", das durch die Sperrkette durchschlüpft, um zum Führer zu kommen, und von einem alten Mütterchen, das im Krankenwagen an den Wagen des Führers herangefahren wird, weil <<<SIE>>> den Wunsch hat, nur einmal Adolf Hitler zu sehen.",y,NA,sie,27
193,1946-02-27,Gebrauchsliteratur,"o. A.: Neunundsechzigster Tag. Mittwoch, 27. Februar 1946. In: Der Nürnberger Prozeß, Berlin: Directmedia Publ. 1999 [1946], S. 9084",Ein kleines,Mädchen,verließ den Keller der Dreifaltigkeitskirche um frische Luft zu schöpfen; sie wurde von einem deutschen Heckenschützen sofort getötet.,verließ den Keller der Dreifaltigkeitskirche um frische Luft zu schöpfen; <<<SIE>>> wurde von einem deutschen Heckenschützen sofort getötet.,y,1,sie,10
198,1918-12-31,Belletristik,"Stehr, Hermann: Der Heiligenhof, München: List 1952 [1918], S. 543",Aber das hübelheilige,Mädchen,"rührte sich nicht; sie saß regungslos, als wolle sie nicht mehr aufstehen, und lächelte nur tapfer.","rührte sich nicht; <<<SIE>>> saß regungslos, als wolle <<<SIE>>> nicht mehr aufstehen, und lächelte nur tapfer.",y,NA,sie,3
204,1910-12-31,Belletristik,"Sapper, Agnes: Werden und Wachsen, Hannover: Gundert 1967 [1910], S. 316",Eben in diesem Augenblick ging die Türe auf und das,Mädchen,"kam herein, noch ahnungslos, daß hier Besonderes vor sich gehe, und sie kam sichtlich mit trauriger Botschaft.","kam herein, noch ahnungslos, daß hier Besonderes vor sich gehe, und <<<SIE>>> kam sichtlich mit trauriger Botschaft.",y,NA,sie,11
212,1934-12-31,Gebrauchsliteratur,"Schütte, Carl: Willst du erfahren was sich ziemt? In: Zillig, Werner (Hg.) Gutes Benehmen, Berlin: Directmedia Publ. 2004 [1934], S. 14070",Von einem jungen,Mädchen,"wird es aufdringlich empfunden, wenn sie den nahenden Tänzer mit ihren Augen förmlich aufspießt, und wenn er nur erst Miene zu einer Verbeugung macht, auf ihn los schießt.","wird es aufdringlich empfunden, wenn <<<SIE>>> den nahenden Tänzer mit ihren Augen förmlich aufspießt, und wenn er nur erst Miene zu einer Verbeugung macht, auf ihn los schießt.",y,NA,sie,5
213,1938-12-31,Belletristik,"Schneider, Reinhold: Las Casas vor Karl V., Berlin: Union-Verl. 1979 [1938], S. 58","Aber mit bittrer Scham muß ich bekennen, daß ich das",Mädchen,"mir gewissermaßen als eine Zugabe ausbedang, weil ich einen großen Einkauf gemacht hatte; ich faßte sie am Handgelenk und zog sie von dem Alten weg, der ihr nachjammerte.","mir gewissermaßen als eine Zugabe ausbedang, weil ich einen großen Einkauf gemacht hatte; ich faßte <<<SIE>>> am Handgelenk und zog <<<SIE>>> von dem Alten weg, der ihr nachjammerte.",y,1,sie,15
224,1920-12-31,Belletristik,"Schaeffer, Albrecht: Helianth II, Bonn: Weidle 1995 [1920], S. 672",Das,Mädchen,"wartete, und nach einer Zeit stand sie auf und ging fort, in den Tempel hinein und verschwand.","wartete, und nach einer Zeit stand <<<SIE>>> auf und ging fort, in den Tempel hinein und verschwand.",y,NA,sie,6
225,1906-12-31,Belletristik,"Hermann, Georg [d.i. Borchardt, Georg Hermann]: Jettchen Gebert, Berlin: Fleischel 1919 [1906], S. 363","Und trotzdem Jettchen fast nie darunter gelitten, daß sie Jüdin war - denn das schöne",Mädchen,"hatte in ihrem ganzen Leben dank ihrer gewinnenden, stolzen Anmut, wo sie auch hinkam, nur immer freundliche Gesichter um sich gesehen -, trotzdem sie nie darunter gelitten, so hatte sich in ihr doch ein Mißtrauen festgesetzt, als ob vielleicht das der Grund wäre, der Kößling fernhielt.","hatte in ihrem ganzen Leben dank ihrer gewinnenden, stolzen Anmut, wo <<<SIE>>> auch hinkam, nur immer freundliche Gesichter um sich gesehen -, trotzdem <<<SIE>>> nie darunter gelitten, so hatte sich in ihr doch ein Mißtrauen festgesetzt, als ob vielleicht das der Grund wäre, der Kößling fernhielt.",y,NA,sie,11
228,1932-12-31,Belletristik,"Mayer, Anton: Der Spielmann Gottes, Berlin: Deutsche Buch-Gemeinschaft 1932, S. 112","Es dauerte nicht lange, so ließen sich auf der Treppe leichte Schritte vernehmen, gleich darauf wurde die Türe aufgestoßen, und ein junges, sehr hübsches",Mädchen,"lief in die Stube; sie trug ein kleines Tablett mit Gebäck und Biskuits in der Hand, das sie schnell auf dem Tisch neben dem Wein niedersetzte, um dann Lorenzo herzlich zu umarmen.","lief in die Stube; <<<SIE>>> trug ein kleines Tablett mit Gebäck und Biskuits in der Hand, das <<<SIE>>> schnell auf dem Tisch neben dem Wein niedersetzte, um dann Lorenzo herzlich zu umarmen.",y,1,sie,4
238,1928-12-31,Gebrauchsliteratur,"Eichler, Lillian: So oder so? In: Zillig, Werner (Hg.), Gutes Benehmen, Berlin: Directmedia Publ. 2004 [1928], S. 5705",Haben Sie ein,Mädchen,", so rate ich, sie immer den Anruf entgegennehmen zu lassen, sie soll liebenswürdig um den Namen desjenigen, der Sie sprechen will, bitten, etwa so:",", so rate ich, <<<SIE>>> immer den Anruf entgegennehmen zu lassen, <<<SIE>>> soll liebenswürdig um den Namen desjenigen, der <<<SIE>>> sprechen will, bitten, etwa so:",y,NA,sie,4
248,1913-12-31,Gebrauchsliteratur,"Friedländer, Hugo: Massenmörder Hugo Schenk und Genossen vor einem Wiener Ausnahmegerichtshof. In: ders., Interessante Kriminal-Prozesse, Berlin: Directmedia Publ. 2001 [1913], S. 3535",Eines Tages habe ihm das,Mädchen,"mit freudigem Gesicht erzählt: Sie habe einen Zivilingenieur, namens Hugo Schenk, kennengelernt, dieser wolle sie heiraten.","mit freudigem Gesicht erzählt: <<<SIE>>> habe einen Zivilingenieur, namens Hugo Schenk, kennengelernt, dieser wolle <<<SIE>>> heiraten.",y,1,sie,4
252,1913-12-31,Gebrauchsliteratur,"Friedländer, Hugo: Irrenhausvorgänge vor Gericht. In: ders., Interessante Kriminal-Prozesse, Berlin: Directmedia Publ. 2001 [1913], S. 3928",Das,Mädchen,"habe behauptet, er habe sie gezwungen.","habe behauptet, er habe <<<SIE>>> gezwungen.",y,NA,sie,4
254,1920-12-31,Belletristik,"Schaeffer, Albrecht: Helianth II, Bonn: Weidle 1995 [1920], S. 676",Das,Mädchen,"aber hat die Arme um sich geschlagen und windet sich in einem Grauen, und sie hebt den Kopf mit geöffneten Lippen, als ob sie ersticken sollte, streckt dann wieder hülflos die Arme aus, und er macht auch Schritte näher zu ihr; aber da ist der schwarze Quell über das Ufer getreten und hat ihre Füße ergriffen, und er sieht, wie sie hinuntergezogen wird, tiefer und tiefer.","aber hat die Arme um sich geschlagen und windet sich in einem Grauen, und <<<SIE>>> hebt den Kopf mit geöffneten Lippen, als ob <<<SIE>>> ersticken sollte, streckt dann wieder hülflos die Arme aus, und er macht auch Schritte näher zu ihr; aber da ist der schwarze Quell über das Ufer getreten und hat ihre Füße ergriffen, und er <<<SIE>>>ht, wie <<<SIE>>> hinuntergezogen wird, tiefer und tiefer.",y,NA,sie,14
257,1927-12-31,Zeitung,"Tucholsky, Kurt: Ein Pyrenäenbuch. In: ders., Kurt Tucholsky, Werke - Briefe - Materialien, Berlin: Directmedia Publ. 2000 [1927], S. 4884",Die Augen des,Mädchens,"glänzten, sie hatte einen puterroten Kopf und kämpfte um ihr Leben.","glänzten, <<<SIE>>> hatte einen puterroten Kopf und kämpfte um ihr Leben.",y,NA,sie,1
259,1917-11-13,Gebrauchsliteratur,"Tucholsky, Kurt: An Mary Gerold-Tucholsky, 13.11.1917. In: ders., Kurt Tucholsky, Werke - Briefe - Materialien, Berlin: Directmedia Publ. 2000 [1917], S. 11120","Und erlauben Sie mir, Ihnen zu sagen, daß es noch keine Herabsetzung für ein junges",Mädchen,"ist, wenn man ihr sagt, es liege einem daran, sie kennenzulernen.","ist, wenn man ihr sagt, es liege einem daran, <<<SIE>>> kennenzulernen.",y,NA,sie,9
262,1938-12-31,Belletristik,"Schneider, Reinhold: Las Casas vor Karl V., Berlin: Union-Verl. 1979 [1938], S. 57",Neben einem Alten stand ein junges,Mädchen,", das den Käufern wohl zu gebrechlich schien; sie hatte sich des Mannes wahrscheinlich aus Mitleid angenommen, ihre Angehörigen waren vielleicht schon verteilt oder auf ein anderes Schiff verschleppt worden oder durch Zufall zurückgeblieben.",", das den Käufern wohl zu gebrechlich schien; <<<SIE>>> hatte sich des Mannes wahrscheinlich aus Mitleid angenommen, ihre Angehörigen waren vielleicht schon verteilt oder auf ein anderes Schiff verschleppt worden oder durch Zufall zurückgeblieben.",y,1,sie,8
263,1921-03-05,Zeitung,"Berliner Tageblatt (Morgen-Ausgabe), 05.03.1921","Und auch der Richter erfährt es erst von der Mutter, was dem, der dies",Mädchen,"ansah, von vornherein klar war: daß sie um eines Liebsten willen stahl . Er hat ihr Geld geborgt, damit sie sich ""was kaufen"" konnte (denn sie machte allein die Wirtschaft für die Mutter, die in Dienst steht, und zwar ganz ohne Geld).","ansah, von vornherein klar war: daß <<<SIE>>> um eines Liebsten willen stahl . Er hat ihr Geld geborgt, damit <<<SIE>>> sich ""was kaufen"" konnte (denn <<<SIE>>> machte allein die Wirtschaft für die Mutter, die in Dienst steht, und zwar ganz ohne Geld).",y,1,sie,6
264,1901-12-31,Belletristik,"Altenberg, Peter: Was der Tag mir zuträgt. In: Deutsche Literatur von Lessing bis Kafka, Berlin: Directmedia Publ. 2000 [1901], S. 703",Als nun der neue Geliebte des,Mädchens,", an dem sie überaus hing, von dieser Begebenheit erfuhr, erbleichte er, denn er hatte bisher die Gepflogenheit gehabt, in Fällen, da er sich gekränkt oder verletzt fühlte, einfach »aufzureiben« und ein Mädchen hierbei nicht sehr zu schonen.",", an dem <<<SIE>>> überaus hing, von dieser Begebenheit erfuhr, erbleichte er, denn er hatte bisher die Gepflogenheit gehabt, in Fällen, da er sich gekränkt oder verletzt fühlte, einfach »aufzureiben« und ein Mädchen hierbei nicht sehr zu schonen.",y,NA,sie,3
267,1918-12-31,Belletristik,"Klabund: Bracke. In: Deutsche Literatur von Lessing bis Kafka, Berlin: Directmedia Publ. 2000 [1918], S. 111738",Wenn sich in Berlin ein,Mädchen,"in der Spree ersäuft, das ein reicher, vornehmer Herr bei Hofe in Schande gebracht hat, so wird sie einen Tag drauf in Trebbin angeschwemmt.","in der Spree ersäuft, das ein reicher, vornehmer Herr bei Hofe in Schande gebracht hat, so wird <<<SIE>>> einen Tag drauf in Trebbin angeschwemmt.",y,NA,sie,17
269,1914-12-31,Belletristik,"Huch, Ricarda: Der Dreißigjährige Krieg, Wiesbaden: Insel-Verl. 1958 [1914], S. 874",Die Frau ließ das,Mädchen,"eintreten und bückte sich dicht über sie, um sie zu betrachten.","eintreten und bückte sich dicht über <<<SIE>>>, um <<<SIE>>> zu betrachten.",y,NA,sie,6
277,1902-12-31,Belletristik,"Suttner, Bertha von: Martha's Kinder. In: Deutsche Literatur von Frauen, Berlin: Directmedia Publ. 2001 [1902], S. 69538",Täglich wiederholte ihr das junge,Mädchen,", daß sie sich vollkommen glücklich fühle.",", daß <<<SIE>>> sich vollkommen glücklich fühle.",y,NA,sie,2
279,1900-12-31,Wissenschaft,"Simmel, Georg: Philosophie des Geldes. In: Philosophie von Platon bis Nietzsche, Berlin: Directmedia Publ. 2000 [1900], S. 62436",Wenn statt dessen ein,Mädchen,"mit ihrem Auserwählten davonläuft, so gilt sie nicht nur als sozial minderwertig, sondern sie verliert auch den Anspruch auf Schutz, den ihr im anderen Fall die Horde schuldet, in der sie geboren ist.","mit ihrem Auserwählten davonläuft, so gilt <<<SIE>>> nicht nur als sozial minderwertig, sondern <<<SIE>>> verliert auch den Anspruch auf Schutz, den ihr im anderen Fall die Horde schuldet, in der <<<SIE>>> geboren ist.",y,NA,sie,6
285,1901-12-31,Gebrauchsliteratur,"Baudissin, Wolf von u. Baudissin, Eva von: Spemanns goldenes Buch der Sitte. In: Zillig, Werner (Hg.), Gutes Benehmen, Berlin: Directmedia Publ. 2004 [1901], S. 2993",Vor allen Dingen muß sich das,Mädchen,"klar machen, daß sie allen Verleumdungen und Nachreden als Schauspielerin preisgegeben ist und daß sie, so lange sie nicht den Schutz einer Familie genießt oder sich eine angesehene Stellung durch jahrelanges, einwandfreies Leben am selben Ort errungen hat, fast als vogelfrei angesehen wird.","klar machen, daß <<<SIE>>> allen Verleumdungen und Nachreden als Schauspielerin preisgegeben ist und daß <<<SIE>>>, so lange <<<SIE>>> nicht den Schutz einer Familie genießt oder sich eine angesehene Stellung durch jahrelanges, einwandfreies Leben am selben Ort errungen hat, fast als vogelfrei angesehen wird.",y,NA,sie,3
286,1910-12-31,Belletristik,"Sapper, Agnes: Werden und Wachsen, Hannover: Gundert 1967 [1910], S. 162",Sie wollte aber kein feiges,Mädchen,"sein, tapfer wollte sie sich zeigen.","sein, tapfer wollte <<<SIE>>> sich zeigen.",y,NA,sie,3
287,1908-12-31,Wissenschaft,"Fischer, Hermann: Grundzüge der Deutschen Altertumskunde, Leipzig: Quelle & Meyer 1917 [1908], S. 77",Wenn ein,Mädchen,"oder eine Frau sich vergeht, so kann man sie nötigen, sich selbst zu erhängen, und hängt dann über ihrem Grabe den Verführer auf.","oder eine Frau sich vergeht, so kann man <<<SIE>>> nötigen, sich selbst zu erhängen, und hängt dann über ihrem Grabe den Verführer auf.",y,NA,sie,8
288,1931-12-31,Gebrauchsliteratur,"Bronsart, Huberta von: Die Studentin von heute. In: Ins Leben hinaus, Stuttgart: Union Dt. Verl.-Ges. 1931, S. 110","Genau so selbstverständlich, wie das junge",Mädchen,"aus gutem Hause früher in den Mal- oder Klavierunterricht gegangen ist, setzt sie sich heute in den Hörsaal, vorausgesetzt, daß sie gescheit genug dazu ist und die Eltern das nötige Einkommen haben.","aus gutem Hause früher in den Mal- oder Klavierunterricht gegangen ist, setzt <<<SIE>>> sich heute in den Hörsaal, vorausgesetzt, daß <<<SIE>>> gescheit genug dazu ist und die Eltern das nötige Einkommen haben.",y,NA,sie,12
291,1954-01-15,Wissenschaft,"Neue deutsche Literatur, 1954, Nr. 1, Bd. 2",Genau genommen allerdings kann man es dem,Mädchen,"später nicht übelnehmen, daß sie den Mann nicht will, der sie - Hysterie hin, Hysterie her - so beleidigt, daß das Gefühl entsteht, das sei während der ganzen Zeit seine wahre Meinung gewesen, obwohl sein Charakter nicht so gezeichnet ist.","später nicht übelnehmen, daß <<<SIE>>> den Mann nicht will, der <<<SIE>>> - Hysterie hin, Hysterie her - so beleidigt, daß das Gefühl entsteht, das sei während der ganzen Zeit seine wahre Meinung gewesen, obwohl sein Charakter nicht so gezeichnet ist.",y,NA,sie,4
296,1908-12-31,Belletristik,"Altenberg, Peter: Märchen des Lebens. In: Deutsche Literatur von Lessing bis Kafka, Berlin: Directmedia Publ. 2000 [1908], S. 1277","Aber in ihrem feurigen Eifer spielten sie dennoch wie ausschließlich zu eigenem Vergnügen, achteten nicht der Beifallsstürme, postierten das junge",Mädchen,", wo es leichtere Arbeit hatte, und als sie selbst hier etwas versah, ging einer hin und küßte sie beruhigend auf die Wange.",", wo es leichtere Arbeit hatte, und als <<<SIE>>> selbst hier etwas versah, ging einer hin und küßte <<<SIE>>> beruhigend auf die Wange.",y,NA,sie,8
299,1926-12-31,Belletristik,"Grimm, Hans: Volk ohne Raum, München: Langen 1932 [1926], S. 1032","Da meinte er, das Schweigen sei zu schwer, und er sagte, weil es ihm so durch den Kopf glitt: ""Einmal, als ich ein ganz junger Mensch war, saß ich da drüben am Bramwalde mit einem",Mädchen,", das Mädchen hieß ebenfalls Melsene und war Ihnen in manchem ähnlich, sie nannte sich erwachsen; man konnte von da drüben auf die Weser hinuntersehen, man konnte den Fußweg sehen, der von Gottsbüren nach Lippoldsberg hinunterführt zur Lippoldsberger Fähre ...""",", das Mädchen hieß ebenfalls Melsene und war Ihnen in manchem ähnlich, <<<SIE>>> nannte sich erwachsen; man konnte von da drüben auf die Weser hinuntersehen, man konnte den Fußweg sehen, der von Gottsbüren nach Lippoldsberg hinunterführt zur Lippoldsberger Fähre ...""",y,NA,sie,12
300,1943-12-31,Gebrauchsliteratur,"Kriegk, Otto: Der deutsche Film im Spiegel der Ufa, Berlin: Ufa-Buchverl. 1943, S. 223","Der Kaufmann, der sich entschließt, das scheue",Mädchen,"an sich heranzuziehen, und bereit ist, sie nach Scheidung von seiner Frau zu heiraten, erfährt von ihrer Vergangenheit.","an sich heranzuziehen, und bereit ist, <<<SIE>>> nach Scheidung von seiner Frau zu heiraten, erfährt von ihrer Vergangenheit.",y,NA,sie,6
301,1942-12-31,Belletristik,"Seghers, Anna: Das siebte Kreuz, Berlin: Aufbau-Taschenbuch-Verl. 2002 [1942], S. 60",Ob ihn etwas an ihrem raschen unregelmässigen Gang an sein,Mädchen,"erinnerte, ob ihn jedes Mädchen an sie erinnert hätte?","erinnerte, ob ihn jedes Mädchen an <<<SIE>>> erinnert hätte?",y,NA,sie,6
303,1914-12-31,Belletristik,"Huch, Ricarda: Der Dreißigjährige Krieg, Wiesbaden: Insel-Verl. 1958 [1914], S. 874",Dabei faßte sie das,Mädchen,"am Arm, um sie in die anstoßende Kammer zu ziehen.","am Arm, um <<<SIE>>> in die anstoßende Kammer zu ziehen.",y,NA,sie,3
308,1933-12-31,Belletristik,"Toller, Ernst: Eine Jugend in Deutschland, Reinbek bei Hamburg: Rowohlt 1985 [1933], S. 149","Einmal wird die Aufseherin fortgerufen, ein",Mädchen,"bleibt allein, sie preßt ihren Kopf ans Fenster, die Augen suchen die Zelle des Mannes, der ihr seit Wochen schreibt, und dem sie seit Wochen antwortet, sie liebt ihn, sie möchte ihn sehen, aber wird sie ihn erkennen?","bleibt allein, <<<SIE>>> preßt ihren Kopf ans Fenster, die Augen suchen die Zelle des Mannes, der ihr seit Wochen schreibt, und dem <<<SIE>>> seit Wochen antwortet, <<<SIE>>> liebt ihn, <<<SIE>>> möchte ihn sehen, aber wird <<<SIE>>> ihn erkennen?",y,NA,sie,2
317,1901-12-31,Belletristik,"Altenberg, Peter: Was der Tag mir zuträgt. In: Deutsche Literatur von Lessing bis Kafka, Berlin: Directmedia Publ. 2000 [1901], S. 469",Aber das junge,Mädchen,"erkannte ihre eigene Seele kaum wieder, so schön und reich war sie.","erkannte ihre eigene Seele kaum wieder, so schön und reich war <<<SIE>>>.",y,NA,sie,11
320,1912-12-31,Belletristik,"Courths-Mahler, Hedwig: Ich lasse dich nicht, Augsburg: Weltbild Verl. 1992 [1912], S. 104",Im Gefühlsüberschwang wollte er wohl das,Mädchen,"vor einer Mißdeutung schützen und trat ritterlich für sie ein, indem er sie seine Braut nannte.","vor einer Mißdeutung schützen und trat ritterlich für <<<SIE>>> ein, indem er <<<SIE>>> seine Braut nannte.",y,NA,sie,8
322,1928-12-31,Gebrauchsliteratur,"Reznicek, Paula von: Auferstehung der Dame. In: Zillig, Werner (Hg.) Gutes Benehmen, Berlin: Directmedia Publ. 2004 [1928], S. 12510","Die Frage ist überflüssig, ob es recht ist, daß ein Backfisch »seine Liebhaber wechselt«, es ist schade und übereilt, wenn die Achtzehnjährige unter jeder Bedingung »erleben will und muß«, aber wenn das fünfundzwanzigjährige",Mädchen,"mit dem Mann, den sie kennt und liebt, befreundet ist, hat man kein Recht mehr, moralische Urteile zu fällen.","mit dem Mann, den <<<SIE>>> kennt und liebt, befreundet ist, hat man kein Recht mehr, moralische Urteile zu fällen.",y,NA,sie,4
331,1919-12-31,Gebrauchsliteratur,"Klemperer, Victor: [Tagebuch] 1919. In: ders., Leben sammeln, nicht fragen wozu und warum, Berlin: Aufbau-Taschenbuch-Verl. 2000 [1919], S. 54",Das,Mädchen,"eine Hysterische, Lungenkranke, scheinbar dicht ans Dirnenhaft Streifende; was sie uns von ihren Verhältnissen erzählt hat, soll verlogen sein; sie lebe, sagt Petersen, von den Geldern ihrer Caféhausfreunde.","eine Hysterische, Lungenkranke, scheinbar dicht ans Dirnenhaft Streifende; was <<<SIE>>> uns von ihren Verhältnissen erzählt hat, soll verlogen sein; <<<SIE>>> lebe, sagt Petersen, von den Geldern ihrer Caféhausfreunde.",y,1,sie,9
346,1920-10-24,Zeitung,"Tucholsky, Kurt: Die Straße der Republik. In: Tucholsky, Kurt, Werke - Briefe - Materialien, Berlin: Directmedia Publ. 2000 [1920], S. 10547",Was dieses traute,Mädchen,"schon alles für Kummer ausgestanden hat, seit sie ihr den uniformierten Jochen aus der Kammer genommen haben (und nun steht sie leer . . . ) - das ist gar nicht zum Blasen.","schon alles für Kummer ausgestanden hat, seit <<<SIE>>> ihr den uniformierten Jochen aus der Kammer genommen haben (und nun steht <<<SIE>>> leer . . . ) - das ist gar nicht zum Blasen.",y,NA,sie,7
348,1966-12-31,Gebrauchsliteratur,"Brumme, Gertrud-Marie: Muttersprache im Kindergarten, Berlin: Volk u. Wissen 1981 [1966], S. 104","'So, jetzt suche ich mir ein ganz ordentliches Kind aus, das packt das Bäumchen vorsichtig an und steckt es hinein.' Da war ein",Mädchen,", das hatte die Gießkanne gebracht, die hatte sie abgesetzt, weil sie so groß war und schwer.",", das hatte die Gießkanne gebracht, die hatte <<<SIE>>> abgesetzt, weil <<<SIE>>> so groß war und schwer.",y,NA,sie,8
351,1905-03-01,Zeitung,"Vossische Zeitung (Abend-Ausgabe), 01.03.1905",Das,Mädchen,"antwortete der Frau, sie möge nur ruhig sein, gestern habe sie die Beschuldigung wegen Diebstahls erhoben und heute mache sie schon wieder Lärm.","antwortete der Frau, sie möge nur ruhig sein, gestern habe <<<SIE>>> die Beschuldigung wegen Diebstahls erhoben und heute mache <<<SIE>>> schon wieder Lärm.",y,NA,sie,10
352,1914-12-31,Belletristik,"Huch, Ricarda: Der Dreißigjährige Krieg, Wiesbaden: Insel-Verl. 1958 [1914], S. 874",Das,Mädchen,"dankte erschrocken, es sei ja genug, wenn sie in einem Winkel ein wenig rasten dürfte; aber die Frau beruhigte sie:","dankte erschrocken, es sei ja genug, wenn <<<SIE>>> in einem Winkel ein wenig rasten dürfte; aber die Frau beruhigte <<<SIE>>>:",y,NA,sie,7
360,1921-12-31,Gebrauchsliteratur,"Friedländer, Hugo: Ein Liebesdrama im Berliner Tiergarten. In: ders., Interessante Kriminal-Prozesse, Berlin: Directmedia Publ. 2001 [1921], S. 4742",Die Angeklagte ist ein gewecktes,Mädchen,", jeder Situation gewachsen, sie ist ein Berliner Kind im besten Sinne des Wortes, und sie mußte sich von selbst sagen, daß, wenn sie sich dem Reimann hingab, für diesen der Appetit mit dem Essen kommen mußte.",", jeder Situation gewachsen, <<<SIE>>> ist ein Berliner Kind im besten Sinne des Wortes, und <<<SIE>>> mußte sich von selbst sagen, daß, wenn <<<SIE>>> sich dem Reimann hingab, für diesen der Appetit mit dem Essen kommen mußte.",y,1,sie,4
364,1932-12-31,Belletristik,"Mayer, Anton: Der Spielmann Gottes, Berlin: Deutsche Buch-Gemeinschaft 1932, S. 112","Es dauerte nicht lange, so ließen sich auf der Treppe leichte Schritte vernehmen, gleich darauf wurde die Türe aufgestoßen, und ein junges, sehr hübsches",Mädchen,"lief in die Stube; sie trug ein kleines Tablett mit Gebäck und Biskuits in der Hand, das sie schnell auf dem Tisch neben dem Wein niedersetzte, um dann Lorenzo herzlich zu umarmen.","lief in die Stube; <<<SIE>>> trug ein kleines Tablett mit Gebäck und Biskuits in der Hand, das <<<SIE>>> schnell auf dem Tisch neben dem Wein niedersetzte, um dann Lorenzo herzlich zu umarmen.",y,1,sie,4
366,1902-12-31,Belletristik,"Rilke, Rainer Maria: Der Drachentöter. In: Deutsche Literatur von Lessing bis Kafka, Berlin: Directmedia Publ. 1998 [1902], S. 142276",Als das junge,Mädchen,"diese Nachricht vernahm, wäre sie gerne, wie sie war, in ihrem Hemde von weißer Seide, durch die Straßen gelaufen, um an dem Lager des Todkranken zu sein.","diese Nachricht vernahm, wäre <<<SIE>>> gerne, wie <<<SIE>>> war, in ihrem Hemde von weißer Seide, durch die Straßen gelaufen, um an dem Lager des Todkranken zu sein.",y,NA,sie,4
368,1911-12-31,Gebrauchsliteratur,"Friedländer, Hugo: Justizirrtümer. In: ders., Interessante Kriminal-Prozesse, Berlin: Directmedia Publ. 2001 [1911], S. 1953",Das arme,Mädchen,"siecht nun seit sieben Monaten dahin, sie ist ohne Erwerb, den sie für ihre armen, alten Eltern so nötig hätte.","siecht nun seit sieben Monaten dahin, <<<SIE>>> ist ohne Erwerb, den <<<SIE>>> für ihre armen, alten Eltern so nötig hätte.",y,NA,sie,6
371,1928-12-31,Gebrauchsliteratur,"Eichler, Lillian: So oder so? In: Zillig, Werner (Hg.), Gutes Benehmen, Berlin: Directmedia Publ. 2004 [1928], S. 5705",Haben Sie ein,Mädchen,", so rate ich, sie immer den Anruf entgegennehmen zu lassen, sie soll liebenswürdig um den Namen desjenigen, der Sie sprechen will, bitten, etwa so:",", so rate ich, <<<SIE>>> immer den Anruf entgegennehmen zu lassen, <<<SIE>>> soll liebenswürdig um den Namen desjenigen, der <<<SIE>>> sprechen will, bitten, etwa so:",y,NA,sie,4
373,1903-12-31,Belletristik,"Frapan, Ilse: Arbeit. In: Deutsche Literatur von Frauen, Berlin: Directmedia Publ. 2001 [1903], S. 27172",Das,Mädchen,"- 'n armes Ding, 'n Zimmermädle, springt halb auf, sie hat schon nasse Augen:","- 'n armes Ding, 'n Zimmermädle, springt halb auf, <<<SIE>>> hat schon nasse Augen:",y,NA,sie,9
380,1912-12-31,Belletristik,"Christ, Lena: Erinnerungen einer Überflüssigen. In: Deutsche Literatur von Frauen, Berlin: Directmedia Publ. 2001 [1912], S. 12658",Das neue,Mädchen,"hieß Babett und war recht fleißig und von einnehmendem Wesen; daher schloß ich mich rasch an sie an, weihte sie in manche von den häßlichen Szenen, die ich mit meiner Mutter hatte, ein und vertraute ihr auch an, daß ich des Lebens im Hause ganz überdrüssig sei.","hieß Babett und war recht fleißig und von einnehmendem Wesen; daher schloß ich mich rasch an <<<SIE>>> an, weihte <<<SIE>>> in manche von den häßlichen Szenen, die ich mit meiner Mutter hatte, ein und vertraute ihr auch an, daß ich des Lebens im Hause ganz überdrüssig sei.",y,1,sie,16
384,1901-12-31,Gebrauchsliteratur,"Baudissin, Wolf von u. Baudissin, Eva von: Spemanns goldenes Buch der Sitte. In: Zillig, Werner (Hg.), Gutes Benehmen, Berlin: Directmedia Publ. 2004 [1901], S. 3002",Kommt ein,Mädchen,"in eine fremde Stadt, um dort eine Stellung anzutreten, so wird sicherlich ihr Chef oder sonst ein Vorgesetzter ihr raten können, bei wem sie Wohnung nehmen soll.","in eine fremde Stadt, um dort eine Stellung anzutreten, so wird sicherlich ihr Chef oder sonst ein Vorgesetzter ihr raten können, bei wem <<<SIE>>> Wohnung nehmen soll.",y,NA,sie,23
398,1929-12-31,Belletristik,"Döblin, Alfred: Berlin Alexanderplatz, Olten: Walter 1961 [1929], S. 30","Auf dem Riesenplakat stand knallrot ein Herr auf einer Treppe, und ein duftes junges",Mädchen,"umfaßte seine Beine, sie lag auf der Treppe, und er schnitt oben ein kesses Gesicht.","umfaßte seine Beine, <<<SIE>>> lag auf der Treppe, und er schnitt oben ein kesses Gesicht.",y,NA,sie,3
411,1959-12-31,Belletristik,"Böll, Heinrich: Billard um halb zehn, Leipzig: Insel-Verl. 1961 [1959], S. 141",">Der Herr hat mich gesegnete Ihre Stimme flößte mir Angst ein; verzeih, aber ich habe Sektierer nie gemocht; schwanger war das",Mädchen,"und allein; der Vater verhaftet, der Bruder verschwunden, du weg - und sie hatten sie vierzehn Tage lang gefangengehalten und verhört; nein, sie haben sie nicht angerührt; wie leicht waren die paar Lämmer zerstreut worden, nur ein Lamm war übriggeblieben: Edith; ich nahm sie zu mir.","und allein; der Vater verhaftet, der Bruder verschwunden, du weg - und sie hatten <<<SIE>>> vierzehn Tage lang gefangengehalten und verhört; nein, <<<SIE>>> haben <<<SIE>>> nicht angerührt; wie leicht waren die paar Lämmer zerstreut worden, nur ein Lamm war übriggeblieben: Edith; ich nahm <<<SIE>>> zu mir.",y,NA,sie,14
